invoice_id,bank_name,transaction_id,amount,recipient_name,sender_name,reconciliation_state,email_details
43925,Bank 538,EC4F9FE854344D25,196.0,Tanya,Robin Levine,UNPAID,
51782,Bank 533,3D2ADBBC17B641C4,159.0,Tanya,Steven Nixon,UNPAID,
42968,Bank 972,C516A7A9C9534B6A,21.0,Tanya,Madison Ford,UNPAID,
92948,Bank 337,43532033DC0E44D6,94.0,Tanya,Kathryn Jones,UNPAID,
20304,Bank 924,7DAA6E4202B24892,48.0,Tanya,Christine Owens,UNPAID,
59394,Bank 258,ED7F745AA32E4935,187.0,Tanya,Kyle Thomas,UNPAID,
97015,Bank 757,66F2ECF6BAAD4BEA,105.0,Tanya,Emily Fleming,UNPAID,
48393,Bank 625,0118CE2838CC45E7,62.0,Tanya,Adam Tyler,UNPAID,
69415,Bank 678,48F0031101BB486D,147.0,Tanya,Sarah Boone,UNPAID,
97115,Bank 610,0517910A3FE845C3,28.0,Tanya,Christopher Ponce,UNPAID,
66876,Bank 645,389C6D19265A4796,23.0,Tanya,Lisa Lee,UNPAID,
74803,Bank 632,49C78416AD064127,128.0,Tanya,Christopher Li,UNPAID,
22938,Bank 890,1509D17D00964FB5,162.0,Tanya,Michael Humphrey,UNPAID,
88941,Bank 665,4CE88FA503F7453E,102.0,Tanya,Leslie Anderson,UNPAID,
66211,Bank 298,F477BA81AF8D4B1A,152.0,Tanya,Alexander Hall,UNPAID,
42966,Bank 631,9D9EDBA179E44E46,83.0,Tanya,Diane Schwartz,UNPAID,
31077,Bank 773,712985AC2E5D4BD8,142.0,Tanya,Shawn Hamilton,UNPAID,
65867,Bank 921,1D6F2B49C7904B98,191.0,Tanya,Tiffany Rice,UNPAID,
53329,Bank 520,4EF9EA077518442C,15.0,Tanya,Lisa Nelson,UNPAID,
74768,Bank 390,BA99949583534BDB,168.0,Tanya,Michael Sexton,UNPAID,
33249,Bank 946,8533D370EBB3488F,181.0,Tanya,Mrs. Lisa Jones,UNPAID,
84833,Bank 909,A6A570BFF2A742B0,72.0,Tanya,Bradley Larsen,UNPAID,
84287,Bank 995,59EB6004CCE141B1,15.0,Tanya,Michael Adams,UNPAID,
42289,Bank 489,A5D411E2AB9946C1,48.0,Tanya,Ryan Pruitt,UNPAID,
69486,Bank 831,816231186883416E,151.0,Tanya,Curtis Ford,UNPAID,
64300,Bank 737,D6FA4FFC715C4FE3,155.0,Tanya,Blake Chavez,UNPAID,
94367,Bank 272,FBBC23CD6FF64A67,21.0,Tanya,Ashley Mosley,UNPAID,
85034,Bank 617,84B78529A9A14B45,182.0,Tanya,Denise Brown,UNPAID,
22769,Bank 554,ABB8830667BD45D8,195.0,Tanya,Amy Johnson,UNPAID,
69820,Bank 191,E7D2AC67204D4D03,127.0,Tanya,Christine Sherman,UNPAID,
24141,Bank 799,029F1745EF52456D,15.0,Tanya,Richard Ellis,UNPAID,
58034,Bank 642,4826D8E9020242E7,19.0,Tanya,Jeffery Garrett,UNPAID,
32819,Bank 981,9E35135FD4234C49,140.0,Tanya,Samantha Brown,UNPAID,
76433,Bank 380,480DCD0E60DA4824,21.0,Tanya,Christina Bridges,UNPAID,
75798,Bank 909,EB006060655147D4,159.0,Tanya,Amber Ferguson,UNPAID,
56999,Bank 863,50148BA1F5F9435D,37.0,Tanya,Andrew Fleming,UNPAID,
13607,Bank 782,02ADC55544A34716,146.0,Tanya,George Young MD,UNPAID,
83814,Bank 981,207C1745E30C465C,105.0,Tanya,Samantha Shelton,UNPAID,
66134,Bank 372,1491D46BAC334DF9,111.0,Tanya,Caleb Wilson,UNPAID,
71613,Bank 887,7245A08A864246F0,129.0,Tanya,Jennifer Robbins,UNPAID,
33682,Bank 348,A506283397294DFC,150.0,Tanya,Jennifer Hill,UNPAID,
98645,Bank 175,16A8283E53CD439B,76.0,Tanya,Brittney Gutierrez,UNPAID,
21369,Bank 789,CE01A265CA3A4BFF,173.0,Tanya,Robin Anderson,UNPAID,
93671,Bank 180,06ECF8343C254BA9,189.0,Tanya,Ronald Ortiz,UNPAID,
41539,Bank 251,DF1462B71B8140C0,150.0,Tanya,Ryan Nelson,UNPAID,
21096,Bank 305,0DB307004ADE48A4,196.0,Tanya,Craig Collins,UNPAID,
56894,Bank 714,7F17A300AE9640DA,119.0,Tanya,Sandy Duffy,UNPAID,
71846,Bank 143,EDA037B8508E4982,162.0,Tanya,Robert Wood,UNPAID,
61337,Bank 389,22776E98643B4A96,65.0,Tanya,Mrs. Ashley Johnston,UNPAID,
78702,Bank 914,BDBE0248D7C64E4C,186.0,Tanya,Gene Nguyen,UNPAID,
72848,Bank 557,4FA898625BD84E34,158.0,Tanya,Tiffany Patton,UNPAID,
68917,Bank 810,1A73B6A36C6F4E9C,196.0,Tanya,Adam King,UNPAID,
74876,Bank 499,65FDD6A289574956,11.0,Tanya,Lori Roberts,UNPAID,
69177,Bank 703,1FEB22FB58AF4863,88.0,Tanya,Steven Benson,UNPAID,
19574,Bank 340,E04F95A5B8574523,40.0,Tanya,Marisa Patterson,UNPAID,
16089,Bank 414,23DB49E9F5274390,108.0,Tanya,Michael Larson,UNPAID,
92266,Bank 297,4F94B214C8D045A4,114.0,Tanya,Joseph Gordon,UNPAID,
50614,Bank 756,021F6843F08743A5,51.0,Tanya,Roy Thomas,UNPAID,
79862,Bank 305,4503DE0F980B4F08,74.0,Tanya,Matthew Lopez,UNPAID,
63734,Bank 950,0E85265AB094471B,93.0,Tanya,Brendan Barton,UNPAID,
35378,Bank 459,55AF9D9FBDB743F5,109.0,Tanya,Marc White,UNPAID,
51531,Bank 994,D6AC9E0CC10C41B0,97.0,Tanya,Kelly Knight,UNPAID,
82534,Bank 964,BA0AC1F7D5CC43B7,103.0,Tanya,Anthony Guzman,UNPAID,
46710,Bank 701,622CD228CACC4183,95.0,Tanya,Courtney Wagner,UNPAID,
34767,Bank 482,ECD4C3B9B51A4A34,157.0,Tanya,Michael Jones,UNPAID,
64000,Bank 195,10C21ED2D7DA43BE,127.0,Tanya,Jennifer Santiago DDS,UNPAID,
15180,Bank 524,010AF439630A4403,61.0,Tanya,Jared Baker,UNPAID,
48098,Bank 617,56D83C3F84E343A8,189.0,Tanya,Steven Williams,UNPAID,
38963,Bank 300,1321B7DDA2FD4C06,99.0,Tanya,Catherine Freeman,UNPAID,
97445,Bank 862,EC45B363D0BF451A,163.0,Tanya,John Hart,UNPAID,
27595,Bank 428,EA557412167E4386,93.0,Tanya,Samuel Bennett,UNPAID,
57568,Bank 775,D4AFDB4B45B34872,189.0,Tanya,Rebecca Duran,UNPAID,
78518,Bank 619,B210CC06F73B4755,119.0,Tanya,Tara Christensen,UNPAID,
76849,Bank 902,951F43A13A3E43CB,49.0,Tanya,Kyle Frye,UNPAID,
51916,Bank 854,B38F6C0C6C764683,196.0,Tanya,Lisa Mclean,UNPAID,
78581,Bank 373,65D684916AA54FDF,128.0,Tanya,Robert Anderson,UNPAID,
22468,Bank 627,74371D4D0DC1485C,132.0,Tanya,Pamela Patton,UNPAID,
15607,Bank 475,9D42EFA704F74380,177.0,Tanya,Jeffrey Meadows,UNPAID,
53776,Bank 109,1087B61B9A2A4C52,154.0,Tanya,Raymond Brown,UNPAID,
30423,Bank 953,417191E809954CCC,152.0,Tanya,Joseph Thompson,UNPAID,
64756,Bank 237,3568E9E19D5F42D9,114.0,Tanya,Mary Matthews,UNPAID,
14793,Bank 110,3498F6CFE92841C3,163.0,Tanya,Robert Collins,UNPAID,
35488,Bank 730,9DF0F3B865454F9B,39.0,Tanya,Angel Patterson,UNPAID,
32718,Bank 697,9363933C2F5E48C2,169.0,Tanya,Henry Long,UNPAID,
83634,Bank 213,C91A3F4E646043C2,188.0,Tanya,Joshua Wilson,UNPAID,
62027,Bank 777,60840770CCCE45D8,137.0,Tanya,Denise Martinez,UNPAID,
42825,Bank 335,1840D85F0CC848F9,77.0,Tanya,Michelle Tran,UNPAID,
36238,Bank 354,9298543A26A7472F,134.0,Tanya,Jamie Alexander,UNPAID,
35790,Bank 658,FD158027860745FF,151.0,Tanya,Alexandria Burgess,UNPAID,
95672,Bank 198,CA621C8F7532461A,134.0,Tanya,James Young,UNPAID,
64186,Bank 482,9B71875715964D86,172.0,Tanya,Oscar Green,UNPAID,
44812,Bank 339,51F7AF093C3042A0,44.0,Tanya,Anthony Jackson,UNPAID,
57744,Bank 665,B70A583196C84F37,142.0,Tanya,Tracy Baker,UNPAID,
11898,Bank 367,C317D0782A1C4CB2,132.0,Tanya,William George,UNPAID,
59134,Bank 203,EDFD0AC5CD474CDA,124.0,Tanya,Julia Garcia,UNPAID,
51773,Bank 597,D13E0C671A5244F7,67.0,Tanya,Elizabeth Taylor,UNPAID,
59231,Bank 689,7ABB61561B194C69,120.0,Tanya,Christopher Lee,UNPAID,
30244,Bank 455,08F458D951594269,20.0,Tanya,Mr. Gregory Long,UNPAID,
62234,Bank 215,791A223FE48544EC,155.0,Tanya,Kevin Miller,UNPAID,
45599,Bank 950,D5583E677D3F4951,135.0,Tanya,David Joseph,UNPAID,
45465,Bank 323,6D310574975743E7,172.0,Tanya,Joshua Craig,UNPAID,
33536,Bank 718,26D92B938B244D82,49.0,Tanya,Dr. Steven Carter,UNPAID,
19960,Bank 516,FD85AD263C8E4B83,125.0,Tanya,Michael Larsen,UNPAID,
10417,Bank 312,D028BBFE2B394293,113.0,Tanya,Heather Miller,UNPAID,
48952,Bank 992,554515BA33364EA0,142.0,Tanya,Sonya Mcpherson,UNPAID,
28582,Bank 375,11A826E8555D403D,160.0,Tanya,Kyle Smith,UNPAID,
75156,Bank 703,0F7236B5330D4BCE,72.0,Tanya,Raymond Powell,UNPAID,
60626,Bank 997,463123BEAC1A4349,120.0,Tanya,Jacob Compton,UNPAID,
96609,Bank 986,0B031D277F7B4757,17.0,Tanya,Amanda May,UNPAID,
75209,Bank 621,5E8F844E22C94921,108.0,Tanya,Dylan Williams,UNPAID,
87272,Bank 573,CBFF162DCC3F4754,110.0,Tanya,Eric George,UNPAID,
98278,Bank 420,708DC62665F749D6,136.0,Tanya,Mike Adams,UNPAID,
43276,Bank 595,D84C6178A24A4204,38.0,Tanya,Whitney Fuentes,UNPAID,
29142,Bank 892,28BCE750F8C044AB,53.0,Tanya,Tanya Hodges,UNPAID,
30465,Bank 174,C9FDF722BD9E4D87,180.0,Tanya,David Williams,UNPAID,
68880,Bank 409,C4F5A2073FAD4540,198.0,Tanya,Bryan Green,UNPAID,
34710,Bank 682,1F7F2019ABEE4EF8,176.0,Tanya,Kimberly Choi,UNPAID,
32814,Bank 382,B26178E93E0647D9,158.0,Tanya,Jeffrey Rollins,UNPAID,
86121,Bank 649,281FAE68A15A4F9A,105.0,Tanya,Joan Ramirez,UNPAID,
82311,Bank 449,736035833FF84B27,93.0,Tanya,Yolanda Owen,UNPAID,
85901,Bank 980,192829B07138484F,199.0,Tanya,Lisa Johnson,UNPAID,
89646,Bank 850,3D7DF6C674BF4E33,154.0,Tanya,Charles Hall,UNPAID,
93301,Bank 365,C1E2E9ABD7384591,188.0,Tanya,Juan Hardy,UNPAID,
11295,Bank 325,C0260DD4DA044C00,179.0,Tanya,Deborah Harris,UNPAID,
56840,Bank 258,4CD5E6BD14AA4E65,159.0,Tanya,Wanda Bell,UNPAID,
47274,Bank 252,CECB86BF167F4BFB,160.0,Tanya,Stacey Bush,UNPAID,
52819,Bank 899,E66DA6C986C14017,73.0,Tanya,Olivia Patterson,UNPAID,
85443,Bank 642,65A65C9C0B904C43,192.0,Tanya,Jordan Freeman,UNPAID,
74514,Bank 482,52EA5F2323E54CC0,133.0,Tanya,Anna Richardson,UNPAID,
16702,Bank 315,876A6F3AC3D94316,27.0,Tanya,Brian Cruz,UNPAID,
55067,Bank 803,96AEDDC23B0A47B7,126.0,Tanya,Daniel Ramirez,UNPAID,
14484,Bank 489,FE5C1934CF6E4952,84.0,Tanya,Robert Thomas,UNPAID,
96575,Bank 506,A6035538FFA048E7,135.0,Tanya,Linda Blackwell,UNPAID,
40537,Bank 997,A64CF3B3534F4DD6,167.0,Tanya,Denise Hartman,UNPAID,
38635,Bank 537,B41E33FF328B4C23,89.0,Tanya,William Cox,UNPAID,
87743,Bank 325,CF811745150E4828,133.0,Tanya,Joseph Phillips,UNPAID,
58043,Bank 742,9D6ACBB9E3244D64,154.0,Tanya,Abigail Clark,UNPAID,
87657,Bank 171,13DEBA81E8DD4A3E,173.0,Tanya,Shawn Becker,UNPAID,
30242,Bank 560,CE218BD12AEE4D3F,111.0,Tanya,Jacob Johnson,UNPAID,
12177,Bank 764,E099B3E1CF6F4B84,115.0,Tanya,Andrew Grant,UNPAID,
31136,Bank 494,FB32FAD3E81E45BA,12.0,Tanya,Kelly Gray,UNPAID,
65372,Bank 851,6DB5E0C27CD94D34,98.0,Tanya,Oscar Martinez,UNPAID,
28621,Bank 645,5E647D2DC07444FB,29.0,Tanya,Tina Krueger,UNPAID,
33211,Bank 848,FADDE2118D23486F,39.0,Tanya,Mr. Brent Ford,UNPAID,
69175,Bank 915,A388F39D2B0D4B60,142.0,Tanya,Anthony Walker,UNPAID,
13665,Bank 542,C31CF340A9FF47C0,29.0,Tanya,Betty Levine,UNPAID,
45259,Bank 117,6B36CB3E2FFA43C3,156.0,Tanya,Mason Kent,UNPAID,
54857,Bank 568,0CDC7F6BE0984DD8,50.0,Tanya,David Wilson,UNPAID,
65699,Bank 694,E7091CAE73E64668,138.0,Tanya,Rebekah Smith,UNPAID,
73984,Bank 874,B8FC966E618647E3,103.0,Tanya,Lisa Zamora,UNPAID,
16057,Bank 726,2E86470F421542FD,90.0,Tanya,Norman Rollins,UNPAID,
52754,Bank 999,E190B277C0934DA7,93.0,Tanya,Kevin Martinez,UNPAID,
28018,Bank 215,D9A9413BE8A54165,121.0,Tanya,Lynn Davis MD,UNPAID,
19298,Bank 772,314188863CE04262,161.0,Tanya,John Peterson,UNPAID,
64664,Bank 960,217A62EF90E04B3A,124.0,Tanya,Jennifer Thomas,UNPAID,
73625,Bank 933,C69AADD7226C4A10,21.0,Tanya,Sarah Bowen,UNPAID,
48349,Bank 231,414522679FA845BB,129.0,Tanya,Brian Wilson,UNPAID,
18339,Bank 407,BF2CFC55357C4042,121.0,Tanya,Ricky Maldonado,UNPAID,
37532,Bank 590,E72840CAC6D94170,110.0,Tanya,Brittney Grimes,UNPAID,
57712,Bank 800,9CDBC18D537D4BE0,105.0,Tanya,Cynthia Bird,UNPAID,
93910,Bank 383,295DFACFCFE344F9,94.0,Tanya,Julie Avila,UNPAID,
87515,Bank 379,694503D79A804044,163.0,Tanya,Heather Russell,UNPAID,
48296,Bank 842,9E5FDF2DE5AF4982,170.0,Tanya,Michael Jones,UNPAID,
39477,Bank 848,FB03CD7968A045FC,114.0,Tanya,Mrs. Alyssa Weber,UNPAID,
42642,Bank 562,4027BE245E7F4ED4,18.0,Tanya,Crystal Silva,UNPAID,
25670,Bank 536,DF508C53978A43E5,185.0,Tanya,Gloria Andrews,UNPAID,
35714,Bank 800,E1DA67C8F95D4ACB,118.0,Tanya,Renee Wade,UNPAID,
58242,Bank 647,76D41D87A1654C6B,139.0,Tanya,Daniel Joseph,UNPAID,
79732,Bank 558,9DFBE1AF2EA94A6F,162.0,Tanya,Karen Carpenter,UNPAID,
36262,Bank 628,EE343724FE8B47D3,180.0,Tanya,Daniel Weber,UNPAID,
11483,Bank 722,D11E663C3E3E48DE,175.0,Tanya,Scott Hogan,UNPAID,
79657,Bank 913,0B5650249EC94158,127.0,Tanya,Jason Smith,UNPAID,
74677,Bank 408,16F12624BFF24458,48.0,Tanya,Melissa Rodriguez,UNPAID,
59704,Bank 935,2.63E+15,21.0,Tanya,Stephanie Black,UNPAID,
53497,Bank 996,8394F4D3DB624C6A,55.0,Tanya,Rebecca Edwards,UNPAID,
41084,Bank 639,D2D21C6976D34544,157.0,Tanya,Leon Hart,UNPAID,
47589,Bank 684,83D6E616912148A9,190.0,Tanya,Corey Middleton,UNPAID,
94111,Bank 824,731970E80A5B4D54,150.0,Tanya,Donald Miller,UNPAID,
97613,Bank 717,C5483E07B0A9494F,26.0,Tanya,Daniel Fletcher,UNPAID,
44890,Bank 141,B01A68EBBA534907,103.0,Tanya,David Reese,UNPAID,
41109,Bank 707,CCF2F77607964FC8,115.0,Tanya,Laura Rodriguez,UNPAID,
47687,Bank 482,5C39B1A4CB984400,107.0,Tanya,Margaret Craig,UNPAID,
11597,Bank 934,675D187FB1E94218,36.0,Tanya,Anthony Daniel,UNPAID,
13966,Bank 166,07ED2B9A84344F64,58.0,Tanya,Cheryl Nelson,UNPAID,
38143,Bank 790,8777D7CAF83340F8,178.0,Tanya,Courtney Brown,UNPAID,
32274,Bank 567,7297521859B54A9E,164.0,Tanya,Jack Chen,UNPAID,
84256,Bank 100,83EBE85D0B97485D,58.0,Tanya,Cody Francis,UNPAID,
96231,Bank 575,3EDA24C72D1D4126,38.0,Tanya,Katherine Blankenship,UNPAID,
54202,Bank 981,5741E45173F6491A,119.0,Tanya,Jose Parker,UNPAID,
97982,Bank 895,E710E0BD0CAE4984,58.0,Tanya,Craig Collins,UNPAID,
60638,Bank 816,432B13DED0184193,78.0,Tanya,James Cox,UNPAID,
33782,Bank 937,05CE322D7C0547CE,183.0,Tanya,Kenneth Davis,UNPAID,
15480,Bank 169,AD2C9C5D4B6A431D,108.0,Tanya,Mark Chan,UNPAID,
17826,Bank 101,F848162451394D6D,35.0,Tanya,Marcia Wilson,UNPAID,
46471,Bank 518,3A162E6E361A4AC1,27.0,Tanya,Kathleen Black,UNPAID,
46939,Bank 527,2D5B6BF84A47484A,139.0,Tanya,Lindsay Mitchell,UNPAID,
71334,Bank 804,74834DA4A13D42F2,141.0,Tanya,Brenda Martinez DDS,UNPAID,
52583,Bank 207,33D79B4509364D91,36.0,Tanya,Monica Ferguson,UNPAID,
42060,Bank 228,3B8FEF5EB2DB4EB9,112.0,Tanya,Janet Wong,UNPAID,
59474,Bank 692,EC00A26979914124,187.0,Tanya,Christina Valencia,UNPAID,
25846,Bank 407,DC8B417095DA47D9,86.0,Tanya,Andre Lowe,UNPAID,
22945,Bank 507,430956EF95F44653,14.0,Tanya,Christopher Hogan,UNPAID,
61714,Bank 335,0B60B07C3C8C40E1,51.0,Tanya,Mary Moon,UNPAID,
58796,Bank 545,18C21B5A39CD45CD,111.0,Tanya,Austin Snyder,UNPAID,
36279,Bank 654,D109B2844B8A4BAB,92.0,Tanya,Danny Hanson,UNPAID,
86534,Bank 335,FEAA3671D0A54210,179.0,Tanya,Scott Frank,UNPAID,
69056,Bank 460,211B54760C3B4028,73.0,Tanya,Sean Matthews,UNPAID,
67756,Bank 341,11646ECDDB0C496A,14.0,Tanya,Brittany Mcguire,UNPAID,
68370,Bank 375,91838D494FD0444E,156.0,Tanya,Cathy Long,UNPAID,
45049,Bank 319,392122FC502943D1,200.0,Tanya,Joseph Russell,UNPAID,
85814,Bank 632,C191FC5958AE431C,16.0,Tanya,Tamara Oliver,UNPAID,
72132,Bank 725,86713D78A9D84796,127.0,Tanya,John Carroll,UNPAID,
24668,Bank 276,C975147FF2134D18,153.0,Tanya,Brian Jones,UNPAID,
67376,Bank 972,9AB52DC82E2546E2,31.0,Tanya,Melissa Kennedy,UNPAID,
75325,Bank 222,84D46752D3C344C4,142.0,Tanya,Brandi Carpenter,UNPAID,
96749,Bank 227,D195D9E217EB47C1,122.0,Tanya,Johnny Cross,UNPAID,
69384,Bank 936,0E8D766F9DBB4DB2,183.0,Tanya,Michele Callahan,UNPAID,
21827,Bank 776,D1C718EBD3BA4383,19.0,Tanya,Michael James,UNPAID,
10393,Bank 832,4A08268840374E61,47.0,Tanya,April Chen,UNPAID,
45047,Bank 276,8339C046BA884D8A,81.0,Tanya,Paul Flores,UNPAID,
14603,Bank 892,E40B9D4DC3E94560,11.0,Tanya,Chad King,UNPAID,
21457,Bank 762,93E4B1D9DEB64103,165.0,Tanya,Amy Anderson,UNPAID,
49781,Bank 533,EE50543B2EF04F4F,45.0,Tanya,Susan Mitchell,UNPAID,
96355,Bank 731,10B8E2A491DD47CA,148.0,Tanya,Patty Bernard,UNPAID,
59314,Bank 309,2AEF509C771340DC,21.0,Tanya,Brandon Wells,UNPAID,
30409,Bank 365,9D6BDF49094445EA,18.0,Tanya,Hunter Bass,UNPAID,
22789,Bank 822,22290F1954EF4CE4,37.0,Tanya,Craig Holt,UNPAID,
61415,Bank 453,AE76CFFFB8D34E3A,77.0,Tanya,Deanna Webb,UNPAID,
24573,Bank 147,07142D6BACF042ED,185.0,Tanya,John Mitchell,UNPAID,
18033,Bank 339,D5408A5A6B124D8F,13.0,Tanya,Patrick Lindsey,UNPAID,
87243,Bank 329,2A1393C79E55458A,137.0,Tanya,Joshua Johnson,UNPAID,
63140,Bank 846,E9F7518A6001491A,11.0,Tanya,Denise Rogers,UNPAID,
83623,Bank 445,030DCA7DD07947C8,22.0,Tanya,Brian Barnett,UNPAID,
76637,Bank 847,566380F33E3B47EF,140.0,Tanya,Timothy Martin,UNPAID,
77989,Bank 529,711C74EF19414865,47.0,Tanya,Ms. Patricia Greer,UNPAID,
15538,Bank 858,28DEA17E7E4D493C,154.0,Tanya,Brian Craig,UNPAID,
70494,Bank 339,82A7CD76EBC7473C,154.0,Tanya,Timothy Evans,UNPAID,
15099,Bank 687,BE3BE82E184342E6,146.0,Tanya,Gabriel Garcia,UNPAID,
66361,Bank 528,5AF1B860F79040A9,133.0,Tanya,Jenny Johnston,UNPAID,
12992,Bank 604,04003B6FA4F44F3D,166.0,Tanya,Brian Oneill,UNPAID,
42662,Bank 503,60BB366DC3C54283,130.0,Tanya,Jonathan Smith,UNPAID,
78202,Bank 932,E6A849D9E59C4383,131.0,Tanya,Briana Ochoa,UNPAID,
10326,Bank 223,7F9A217661B84132,72.0,Tanya,Susan Mccarthy,UNPAID,
29944,Bank 548,F43623FC72CA4788,50.0,Tanya,Mark Anderson,UNPAID,
68616,Bank 245,331A56B2A8B049FE,67.0,Tanya,Kayla Owens,UNPAID,
18220,Bank 156,57160B245F5844E7,191.0,Tanya,Crystal James,UNPAID,
93410,Bank 812,C40AE456EBA944A8,130.0,Tanya,Amanda Luna,UNPAID,
89237,Bank 575,9662416CD8C34065,80.0,Tanya,Rhonda Anderson,UNPAID,
97223,Bank 486,4CDDF2A6C61A42E0,47.0,Tanya,Jermaine Sanchez,UNPAID,
17164,Bank 868,B465E87522EB4EDD,99.0,Tanya,Steven Holt,UNPAID,
59536,Bank 399,36DBFF79D9EC4BC6,131.0,Tanya,Joe Stokes,UNPAID,
77088,Bank 782,6A088D6BF7B548C5,135.0,Tanya,Jacqueline Larson,UNPAID,
55764,Bank 157,D960CC9598DC43B2,18.0,Tanya,Linda Thompson,UNPAID,
12406,Bank 679,2382F47196404497,189.0,Tanya,Linda Miller,UNPAID,
90107,Bank 303,7108E82510A949F5,98.0,Tanya,Samuel Baker,UNPAID,
86355,Bank 330,697BE35E7ACE46E3,130.0,Tanya,Johnny Floyd,UNPAID,
37764,Bank 396,624F8EF818AC4623,197.0,Tanya,Shirley Davis,UNPAID,
94808,Bank 961,2283AD82B6334AB8,103.0,Tanya,Elizabeth Daniels,UNPAID,
46547,Bank 417,0232C8B36135430B,14.0,Tanya,Leslie Wilson,UNPAID,
69696,Bank 940,51E8F77843FB424B,16.0,Tanya,Justin Wright DVM,UNPAID,
63440,Bank 263,2B81D26060A84503,63.0,Tanya,David Strickland,UNPAID,
61134,Bank 974,948D83995F9C4F35,96.0,Tanya,Natalie Brown,UNPAID,
59308,Bank 597,81BBFE1B2C6848FD,21.0,Tanya,Brianna Price,UNPAID,
37558,Bank 991,0E6EC61B78B942A2,65.0,Tanya,Ryan Walters,UNPAID,
56930,Bank 236,58B1C1078D9B4AD5,52.0,Tanya,Julie Hutchinson,UNPAID,
96393,Bank 830,55D9B0EB1C714EDE,167.0,Tanya,Matthew Campos,UNPAID,
29845,Bank 125,007886339DB8449D,156.0,Tanya,Phillip Moore,UNPAID,
17368,Bank 626,39F0586240D04A3C,115.0,Tanya,Carrie Rios,UNPAID,
33971,Bank 827,EDE1850B9AA24C47,76.0,Tanya,Krista Carter,UNPAID,
72525,Bank 363,5A0A119D0E9A466C,129.0,Tanya,Eric Hodges,UNPAID,
33707,Bank 531,2E1730C36CCA4723,116.0,Tanya,Krista Rivera,UNPAID,
23697,Bank 622,5994F25F26964F6B,190.0,Tanya,Taylor Crawford,UNPAID,
60338,Bank 694,3CB2FAA0E31B4AA2,128.0,Tanya,Darrell Palmer,UNPAID,
12754,Bank 713,A0D4AEF1F2E345E3,145.0,Tanya,Mr. Jason Anderson,UNPAID,
15528,Bank 608,85D2B5CEA071435D,132.0,Tanya,Thomas Mann,UNPAID,
40884,Bank 437,E94023F0B6DF461D,44.0,Tanya,Monica Ellison,UNPAID,
29838,Bank 617,3DEB0A8D86AC45B9,199.0,Tanya,Tara Ferrell,UNPAID,
91217,Bank 895,006BDDE37B8945E3,84.0,Tanya,Stephanie Mendoza,UNPAID,
33018,Bank 984,EE4CA0195FC64F9C,19.0,Tanya,Catherine Anthony,UNPAID,
30696,Bank 297,91F2CA4F98EA4AA5,101.0,Tanya,Michael Nichols,UNPAID,
42118,Bank 843,7DB2BD91E7E148F5,158.0,Tanya,Donald Adams,UNPAID,
48384,Bank 724,A160A4317AF7460A,199.0,Tanya,Christopher Arnold,UNPAID,
55793,Bank 809,AA9523B14AEE49D5,172.0,Tanya,Adrian Mason,UNPAID,
23278,Bank 213,733D7AC34B70425C,119.0,Tanya,Jennifer Miller,UNPAID,
49752,Bank 306,57065EEEF7314924,197.0,Tanya,Brittany Lee,UNPAID,
37113,Bank 368,9DAD1CB02C974351,177.0,Tanya,Tara Anderson,UNPAID,
19117,Bank 514,6EB6BA2930194015,107.0,Tanya,Natalie Perez,UNPAID,
80978,Bank 676,C7C14625903B4970,11.0,Tanya,Jennifer Hall,UNPAID,
98775,Bank 849,56FFF952C3954BA4,119.0,Tanya,Mr. Miguel Silva,UNPAID,
51529,Bank 866,3722672506BF4866,169.0,Tanya,Richard Peterson,UNPAID,
18717,Bank 742,782B3CF95DA44C1F,91.0,Tanya,Mario Soto,UNPAID,
34521,Bank 883,848BDA99EF5A4F78,91.0,Tanya,David Marquez,UNPAID,
18894,Bank 606,84ACCA795B4947FD,36.0,Tanya,Andrew Kaiser,UNPAID,
97099,Bank 967,873464B754AB4D18,143.0,Tanya,Sharon Cline,UNPAID,
89097,Bank 325,D9CF7E2F75074E96,181.0,Tanya,Danielle Lopez,UNPAID,
29889,Bank 924,598A92D2AF5A4B1B,116.0,Tanya,Joseph Mitchell,UNPAID,
41227,Bank 224,B718A34E9CF64B86,34.0,Tanya,Janet Parks,UNPAID,
32206,Bank 372,E4B496016FF0417F,75.0,Tanya,Michael Garza,UNPAID,
63475,Bank 632,ACDC0D72FC954BBF,164.0,Tanya,Yolanda Best,UNPAID,
99398,Bank 437,FEEBE840127B4C39,189.0,Tanya,Jennifer Franco,UNPAID,
33030,Bank 638,6A7E6CE9AE624451,125.0,Tanya,Cynthia Willis,UNPAID,
69047,Bank 668,626BFD691282464F,47.0,Tanya,Adam Paul,UNPAID,
27937,Bank 480,13DFEC87CAE6448C,65.0,Tanya,Alexandria Hall,UNPAID,
22824,Bank 595,85A86119C124403C,156.0,Tanya,Carol Mathews,UNPAID,
49922,Bank 499,92FEF3F147D74305,12.0,Tanya,Angela Gibbs,UNPAID,
56040,Bank 441,08AFD6E1478745B5,28.0,Tanya,Alexandria Cortez,UNPAID,
80334,Bank 109,9D6DB59051FD4449,117.0,Tanya,James Cruz,UNPAID,
72240,Bank 542,E5D16A94AF2D41EE,159.0,Tanya,Jeffrey Bailey,UNPAID,
22117,Bank 721,A58BAAAC13D94DD9,121.0,Tanya,Darren Carrillo,UNPAID,
67434,Bank 380,AAD9636342054425,68.0,Tanya,Cynthia Sanchez,UNPAID,
60956,Bank 110,1477E52FB63F4438,109.0,Tanya,Jeffrey Holland,UNPAID,
62480,Bank 789,7D5235F44298430F,188.0,Tanya,Deborah Johnson,UNPAID,
96142,Bank 584,EEBE92967CAB4B3A,163.0,Tanya,Donald Mcdonald,UNPAID,
22381,Bank 266,602D696D56184C54,111.0,Tanya,Anita Oliver,UNPAID,
96601,Bank 244,07A3619F0787480A,90.0,Tanya,Matthew Mata,UNPAID,
78575,Bank 726,B2B4E84AF3CD43AF,74.0,Tanya,David Harris,UNPAID,
29537,Bank 557,0B83894AB4F74BF5,162.0,Tanya,Dylan Allen,UNPAID,
38849,Bank 831,02163F1E983948D6,175.0,Tanya,Erica Cooke,UNPAID,
91155,Bank 909,373B092E3280427C,177.0,Tanya,Patrick Adams,UNPAID,
57358,Bank 757,B0BEA625183D4A1D,139.0,Tanya,Cheryl Miles,UNPAID,
64039,Bank 602,E615A5D348904229,23.0,Tanya,John Miller,UNPAID,
93723,Bank 563,707FBD09D2194495,25.0,Tanya,Robert Foster,UNPAID,
36507,Bank 764,56FA5E7708AD4A8B,77.0,Tanya,Tanner Graham,UNPAID,
93324,Bank 864,9D7D3DED8AC94AB5,136.0,Tanya,John Fox,UNPAID,
38675,Bank 503,BFF4642BFF654DDF,107.0,Tanya,Meredith Wyatt,UNPAID,
57219,Bank 434,7E1D4D98DF2F4153,146.0,Tanya,Amanda Porter,UNPAID,
83090,Bank 937,6B32B5BD65E04742,178.0,Tanya,Jordan Arnold,UNPAID,
11288,Bank 735,7CB5EE639014459C,42.0,Tanya,Veronica Lyons,UNPAID,
57681,Bank 977,CB5F315A1CF049C6,109.0,Tanya,Carmen Moody,UNPAID,
58871,Bank 564,790E81F5803C46C6,133.0,Tanya,Bruce Meyers,UNPAID,
43098,Bank 253,C0E974FB9AA34A72,43.0,Tanya,James French,UNPAID,
50473,Bank 937,0592B070C92541BC,72.0,Tanya,Bobby Brown,UNPAID,
33941,Bank 855,D5AE0BDF401F410C,177.0,Tanya,Jillian Abbott,UNPAID,
68051,Bank 567,96A56A3E62EA4959,105.0,Tanya,Steven Buck,UNPAID,
18817,Bank 768,8A481B2662204A22,83.0,Tanya,Linda Sanchez,UNPAID,
40781,Bank 306,818475BC02E34C9A,65.0,Tanya,Douglas Luna,UNPAID,
88494,Bank 733,EAE916DC7358414E,139.0,Tanya,Sarah Roach,UNPAID,
46688,Bank 378,41125B30F04A4E7D,145.0,Tanya,William Richards,UNPAID,
85982,Bank 393,5F05DF97EC114002,88.0,Tanya,Brian Anderson,UNPAID,
54039,Bank 839,B9E6DBF0B447440C,175.0,Tanya,Matthew Campbell,UNPAID,
76354,Bank 237,957555D278654BD4,135.0,Tanya,Joshua Roman,UNPAID,
12474,Bank 334,27801C94FD954618,13.0,Tanya,Phillip Jimenez,UNPAID,
69579,Bank 886,E2C0A0224298464A,60.0,Tanya,Misty Lloyd,UNPAID,
17126,Bank 832,C19BB7B97A95458F,86.0,Tanya,Joseph Benjamin,UNPAID,
83022,Bank 280,8624E93204A7485A,136.0,Tanya,Jorge Walsh,UNPAID,
43771,Bank 255,9DA0D84310BD4B9C,13.0,Tanya,Gabrielle Lloyd,UNPAID,
52666,Bank 774,B6DC5B98BEEC48B1,97.0,Tanya,Chad Mills,UNPAID,
83299,Bank 685,7B87606B71CC4EEE,149.0,Tanya,Brittney Ramos,UNPAID,
64530,Bank 538,DB53CD410FE346CC,113.0,Tanya,Denise Alexander,UNPAID,
79007,Bank 357,1C512D5F97374970,114.0,Tanya,Kayla Leach,UNPAID,
56010,Bank 862,A9CE92FBB384454B,38.0,Tanya,Brittany Guzman,UNPAID,
13699,Bank 168,39D1B29BBE994F94,111.0,Tanya,Jasmine Garcia,UNPAID,
42706,Bank 761,8880F047F7BA4C3B,190.0,Tanya,Amanda Clark,UNPAID,
84277,Bank 972,0E4B8B1A60204AE4,48.0,Tanya,James Watkins,UNPAID,
75945,Bank 692,78CE768368434963,166.0,Tanya,Kristy Conner,UNPAID,
61938,Bank 330,EE7F427B2DB04985,13.0,Tanya,Dawn Carr,UNPAID,
70941,Bank 663,EF9AF98C4D9D4861,42.0,Tanya,Amanda Smith,UNPAID,
29371,Bank 800,EBF5D25269DB4E40,129.0,Tanya,Steven Curry,UNPAID,
39365,Bank 405,8EF5108DE80F49C7,104.0,Tanya,Rachel Gonzalez,UNPAID,
94712,Bank 515,55C8D33238CC454F,108.0,Tanya,Amy Espinoza,UNPAID,
66304,Bank 510,D787F636A7674118,196.0,Tanya,Laura Rangel,UNPAID,
89582,Bank 467,2FC68DD3A03345D2,76.0,Tanya,Dustin Yang,UNPAID,
47281,Bank 601,7F6AF61843BA464E,65.0,Tanya,Susan Brown,UNPAID,
13472,Bank 488,75BBC8E4D4224167,53.0,Tanya,Timothy Nguyen,UNPAID,
80759,Bank 487,BC8ADD0B276D431C,147.0,Tanya,Christine Russo,UNPAID,
98660,Bank 811,BB4ED5D4187B4992,83.0,Tanya,Tara Hayes,UNPAID,
69850,Bank 334,3AF589E2B8334846,188.0,Tanya,Tracey Brown,UNPAID,
17086,Bank 326,92AAFF0C8A3F40DF,30.0,Tanya,James Williams,UNPAID,
35852,Bank 163,63A7D03C4F5241D6,182.0,Tanya,Daniel Wells,UNPAID,
92173,Bank 167,F0F96DD864374678,120.0,Tanya,John Taylor,UNPAID,
11107,Bank 629,0D8CD7625A9D4E3F,43.0,Tanya,Erica Murphy,UNPAID,
74576,Bank 650,2C91D3108C8944C4,26.0,Tanya,Ana Payne,UNPAID,
55386,Bank 721,9200566FA5FD4198,142.0,Tanya,Zachary Harper,UNPAID,
57978,Bank 954,C55C19DA9131479E,22.0,Tanya,David Terry,UNPAID,
43816,Bank 572,271122C344EF4C69,56.0,Tanya,Richard Douglas,UNPAID,
96553,Bank 230,38E9F6B2587C4B5B,14.0,Tanya,Laura Riddle,UNPAID,
15787,Bank 117,EFFEE8F310444005,162.0,Tanya,Kevin Cuevas,UNPAID,
86850,Bank 381,8C95341436D44A3F,65.0,Tanya,Yvonne Lee,UNPAID,
23237,Bank 575,B0DA7B051B444B87,166.0,Tanya,Sandra Marshall,UNPAID,
63866,Bank 986,CFBB498518924696,59.0,Tanya,Shawn Clark,UNPAID,
78171,Bank 958,BC11E2BAAD8B467B,167.0,Tanya,Devin Brown,UNPAID,
19820,Bank 461,FC4D27B5887D4561,128.0,Tanya,Benjamin Davis,UNPAID,
23499,Bank 594,063A1CD7E4EC47C4,142.0,Tanya,Philip Hernandez,UNPAID,
54817,Bank 744,CA54E2A542674C3F,175.0,Tanya,Samantha Medina,UNPAID,
35144,Bank 441,0F2B2B02D6424139,26.0,Tanya,Jay Ford,UNPAID,
48355,Bank 778,B1035145045A4BF2,42.0,Tanya,William Bautista,UNPAID,
61713,Bank 826,BE6241BE40DF4926,32.0,Tanya,Justin Craig,UNPAID,
43659,Bank 844,CB2DADE9CC1A46E7,99.0,Tanya,Laura Cox,UNPAID,
14006,Bank 751,6FA03A40FF1F400C,183.0,Tanya,Jake Myers,UNPAID,
20185,Bank 588,9806EE950E764D41,25.0,Tanya,Jennifer Brandt,UNPAID,
55892,Bank 676,BAB6356E4C5341FD,38.0,Tanya,Mrs. Bethany Klein MD,UNPAID,
10633,Bank 783,07F5854FB7274E1E,178.0,Tanya,Emily Peters,UNPAID,
64288,Bank 445,4A914D008E1A46F9,10.0,Tanya,Rachel Ingram,UNPAID,
31197,Bank 914,42541D41745040B3,49.0,Tanya,Aaron Roberts,UNPAID,
99316,Bank 852,CCE3EB55FA3E4571,186.0,Tanya,Chelsea Ramos,UNPAID,
52728,Bank 341,31306236ECDA4E29,173.0,Tanya,Kenneth Green,UNPAID,
80204,Bank 406,61454FA232F449F0,123.0,Tanya,Stephanie Anthony,UNPAID,
88170,Bank 449,E353427517E943DE,72.0,Tanya,Tammy Taylor,UNPAID,
48941,Bank 601,1EC7222828D94637,146.0,Tanya,Jason Thompson,UNPAID,
59944,Bank 725,74FE0FF0328A45A1,149.0,Tanya,John Foster,UNPAID,
24994,Bank 340,C5EFD59BCB554133,51.0,Tanya,Elizabeth Owens,UNPAID,
44668,Bank 635,74D540782F214A89,200.0,Tanya,Lisa Hill,UNPAID,
81168,Bank 689,DC602056B9CD48E0,94.0,Tanya,Luis Stewart,UNPAID,
17324,Bank 627,5C6807CF197C4A97,131.0,Tanya,Ricardo Mcguire,UNPAID,
64009,Bank 778,1966BA834B194BE1,103.0,Tanya,Jon Pittman,UNPAID,
59784,Bank 586,E55C1A1673244497,143.0,Tanya,Miss Margaret Medina,UNPAID,
33812,Bank 168,9A0ED5BBD34B4AB4,149.0,Tanya,Thomas Austin,UNPAID,
37291,Bank 848,E14F607E24A4466C,39.0,Tanya,Brian Olsen,UNPAID,
75420,Bank 737,DFD8B326135D4E78,109.0,Tanya,Brian Ford,UNPAID,
46241,Bank 595,05BB4685088346AF,156.0,Tanya,Kyle Rogers,UNPAID,
62197,Bank 710,88D16D56DDB4432E,161.0,Tanya,Victor Page,UNPAID,
28786,Bank 348,292E15D1221D48F3,13.0,Tanya,Kevin Henderson,UNPAID,
62666,Bank 812,525B84FD42A74036,37.0,Tanya,Jamie Ewing,UNPAID,
26009,Bank 260,2DE1348C1BE84907,31.0,Tanya,Jerry Garner,UNPAID,
78534,Bank 418,F35B7CFEF9624CF1,86.0,Tanya,Mary Mcbride,UNPAID,
43740,Bank 856,BCCD4DB723BD4CA8,159.0,Tanya,Monica Stevens,UNPAID,
14825,Bank 624,C28A460287E24283,16.0,Tanya,Calvin Bird,UNPAID,
32222,Bank 397,8038BA6D9FD7408B,98.0,Tanya,Colleen Mejia,UNPAID,
50331,Bank 266,52B8F5F74958439E,91.0,Tanya,William Nguyen,UNPAID,
15740,Bank 502,FAE45225B1574426,172.0,Tanya,Lisa Wilson,UNPAID,
16372,Bank 977,AB4BE1454C9F4611,14.0,Tanya,Mr. James Torres,UNPAID,
51267,Bank 723,00423C86770241FC,73.0,Tanya,Francisco Taylor,UNPAID,
36232,Bank 916,2B1D568BB84C44B5,159.0,Tanya,Margaret Powers,UNPAID,
67505,Bank 155,9BD86170829449BA,166.0,Tanya,Brandi Atkinson,UNPAID,
41933,Bank 125,EF2272B5FB334E03,85.0,Tanya,Stephen Jones,UNPAID,
87046,Bank 365,6D5A04EBD9874F4D,92.0,Tanya,Charles Ballard,UNPAID,
49660,Bank 982,94F22818BA964C41,186.0,Tanya,Heather Holmes,UNPAID,
60753,Bank 924,E98330B98EB542BD,183.0,Tanya,Tara Gonzales,UNPAID,
51453,Bank 846,C9BB002F3D4945D6,88.0,Tanya,Regina Scott,UNPAID,
98963,Bank 562,17DEAAB1566043C7,107.0,Tanya,Samantha Peters,UNPAID,
71401,Bank 150,D9D84915F5E54EA4,13.0,Tanya,Benjamin Ray,UNPAID,
17713,Bank 768,944B0889A67142B5,24.0,Tanya,Emily Gallagher,UNPAID,
96493,Bank 729,6E948B216DAC409D,100.0,Tanya,Jose Ramirez,UNPAID,
51031,Bank 152,0666DBF7CC6A4D79,32.0,Tanya,Shelby Cook,UNPAID,
81493,Bank 339,A27AF3A52A884174,109.0,Tanya,Jerry Gonzales,UNPAID,
93763,Bank 949,BCA49F1666D94911,25.0,Tanya,Linda Ortiz,UNPAID,
30297,Bank 416,87CFED76F0D049BC,141.0,Tanya,Jodi Wells,UNPAID,
18245,Bank 581,17A038800BE84822,18.0,Tanya,Luke Wilson,UNPAID,
16464,Bank 834,8D6C3F2B8DB14623,186.0,Tanya,Brenda Morris,UNPAID,
32851,Bank 571,A9E74D761E904809,23.0,Tanya,Alexander Thompson,UNPAID,
65455,Bank 546,A16CC75F8F7E41B3,116.0,Tanya,Daniel Tyler,UNPAID,
49882,Bank 133,95FAD5542D9D463A,18.0,Tanya,Michael Cannon,UNPAID,
83231,Bank 321,B78FAB86FC3D471C,162.0,Tanya,Kimberly Dalton,UNPAID,
42218,Bank 806,BBD102BDA88C4A3B,78.0,Tanya,Timothy Hood,UNPAID,
47458,Bank 457,442DC7C222E44D18,153.0,Tanya,Mr. Andrew Vasquez,UNPAID,
71102,Bank 817,CE9B40EAFDD04BD9,147.0,Tanya,Danny Miller,UNPAID,
10916,Bank 604,E279B831854B42A7,104.0,Tanya,Clarence Jenkins,UNPAID,
56064,Bank 107,C30061CD29F84E30,191.0,Tanya,Kelly Garcia,UNPAID,
38182,Bank 390,F616F33404DD4ADA,19.0,Tanya,Kevin Ewing,UNPAID,
41723,Bank 875,9618EBA3D905444B,131.0,Tanya,Dustin Clark,UNPAID,
99891,Bank 617,0795E263ED0445DB,73.0,Tanya,Emily White,UNPAID,
98393,Bank 342,DADE9B27C6BD40F7,122.0,Tanya,Vincent Leonard,UNPAID,
16160,Bank 566,D849209A59134CB6,182.0,Tanya,Jennifer Woodard,UNPAID,
30267,Bank 574,23EC58EB53224885,170.0,Tanya,Allison Brown,UNPAID,
14118,Bank 565,3CE3CA22365246ED,28.0,Tanya,Jeffery Oneal,UNPAID,
13451,Bank 316,2E2FBFF5EEC34231,140.0,Tanya,Amanda Norris,UNPAID,
26918,Bank 245,69D533AC97664587,112.0,Tanya,Christine Thompson,UNPAID,
69969,Bank 955,84B40DFE1AAB4F89,105.0,Tanya,Jared Valdez,UNPAID,
14326,Bank 676,130A22AB1B9D4C4C,124.0,Tanya,Mr. Michael Tran DDS,UNPAID,
52674,Bank 462,75FBA23AA2F54CCE,61.0,Tanya,Mr. Kenneth Burns,UNPAID,
95712,Bank 466,2B712F1A32AF4120,145.0,Tanya,Samantha Lopez,UNPAID,
82001,Bank 495,976068B921914FE2,121.0,Tanya,Jocelyn Hubbard,UNPAID,
52690,Bank 729,2FE08637DF82477F,102.0,Tanya,Joshua Peterson,UNPAID,
29304,Bank 577,ADB9FFB7F88A4922,127.0,Tanya,Luke Carter,UNPAID,
29856,Bank 302,05653ABF445E4BA5,162.0,Tanya,Miguel Cordova,UNPAID,
84195,Bank 598,BB03292206C04AE9,126.0,Tanya,Christopher Williams,UNPAID,
63357,Bank 468,1BACD73926DF4405,171.0,Tanya,Christopher Miller,UNPAID,
98663,Bank 689,4B723899E052456E,112.0,Tanya,Julia Torres,UNPAID,
55845,Bank 445,E0B3C12CF1824B86,33.0,Tanya,Julie Herrera,UNPAID,
99638,Bank 401,9AE920D59EF74702,123.0,Tanya,Jodi Moore,UNPAID,
13906,Bank 359,7E22EC5C06294647,33.0,Tanya,Diane Mcdowell,UNPAID,
46762,Bank 270,07E29D268C54408C,51.0,Tanya,Barbara Carney,UNPAID,
44522,Bank 902,D8E9C9EAB25A4EC3,174.0,Tanya,Joy Williams,UNPAID,
16598,Bank 791,1E050B0E034E40F7,58.0,Tanya,John Martin,UNPAID,
10968,Bank 935,445A53F956504853,138.0,Tanya,Tyler Pope,UNPAID,
56058,Bank 489,1933327E684B4398,142.0,Tanya,Clifford Powers,UNPAID,
61975,Bank 355,3E8254DCFAC84F96,15.0,Tanya,Justin Mullen,UNPAID,
96470,Bank 675,1307404EFA1247D4,19.0,Tanya,Willie Hawkins,UNPAID,
86285,Bank 807,F1485FE5515C47F4,77.0,Tanya,Angel Myers,UNPAID,
74211,Bank 714,ABF58BB060CC481B,98.0,Tanya,Alexander Williams,UNPAID,
76235,Bank 514,FD4F67991ACD49B1,174.0,Tanya,Jonathan Young,UNPAID,
65270,Bank 484,AE7766C6EA6F4A30,25.0,Tanya,Samantha Yang,UNPAID,
34478,Bank 603,25429A8AC82E497C,163.0,Tanya,Mr. Lee Perez,UNPAID,
96510,Bank 928,9FADBD34DA084BAD,73.0,Tanya,Lisa Gould,UNPAID,
18222,Bank 262,436FD5D65C394B05,154.0,Tanya,Daniel Sloan,UNPAID,
61910,Bank 139,B99794AA6E65484F,27.0,Tanya,Nicole Barajas,UNPAID,
18573,Bank 854,62652E9F03CB4765,46.0,Tanya,Thomas Joyce,UNPAID,
30509,Bank 610,973CBB26D0F84729,10.0,Tanya,Sherri Daniels,UNPAID,
10409,Bank 619,2E0F415F53D2437B,172.0,Tanya,John Torres,UNPAID,
60039,Bank 778,B0F9B73C52DF44E9,96.0,Tanya,Michele Davis,UNPAID,
64319,Bank 442,0EF470B6459E478C,164.0,Tanya,Anthony White,UNPAID,
92666,Bank 703,761F8FAFDB1142B1,73.0,Tanya,Michael Moore,UNPAID,
66265,Bank 561,BFD4B2842BAD44C3,127.0,Tanya,Richard Rivera,UNPAID,
91812,Bank 670,9D818C5EF7B9489A,10.0,Tanya,Ashley Reed,UNPAID,
53578,Bank 757,96DA17A24AD34E47,73.0,Tanya,Erin Howard,UNPAID,
26503,Bank 878,07E56B93F8EF4692,176.0,Tanya,Krystal Fletcher,UNPAID,
42168,Bank 881,01CDF2EFCF584072,115.0,Tanya,Brittany Martin,UNPAID,
54721,Bank 473,87AAB8ACC3FD4DDC,140.0,Tanya,Richard Sanchez,UNPAID,
13686,Bank 275,AA4BA4A2C96B49F2,138.0,Tanya,Christopher Moore,UNPAID,
34312,Bank 780,3E08F2BF4C254488,159.0,Tanya,Margaret Maynard,UNPAID,
65978,Bank 428,F7ED910151F44118,137.0,Tanya,Courtney Porter,UNPAID,
35524,Bank 237,B02573BE2ADA4BA1,111.0,Tanya,Joseph Garcia,UNPAID,
25125,Bank 850,278B3CBC4B234536,120.0,Tanya,Samantha Johnson,UNPAID,
85974,Bank 316,7DDFF77F49FA4A8E,121.0,Tanya,Ashley Robinson,UNPAID,
67517,Bank 965,3AD4A745AE3D47BF,177.0,Tanya,Michael Mullins,UNPAID,
64484,Bank 132,61C68699EE14434E,50.0,Tanya,Tyler Snyder,UNPAID,
43093,Bank 670,7F95BA412E5D4130,156.0,Tanya,Stephen White,UNPAID,
21320,Bank 868,A2B5D16AB7CA43D2,70.0,Tanya,James Hudson,UNPAID,
83098,Bank 467,23F40E141A49448B,71.0,Tanya,Michael Simon,UNPAID,
92555,Bank 250,F771833D768745B0,153.0,Tanya,Daniel Goodwin,UNPAID,
69505,Bank 200,1CC2318F432D4F4E,144.0,Tanya,Christine Perkins,UNPAID,
94922,Bank 147,976BAFF2E7044854,23.0,Tanya,Jerry Zhang,UNPAID,
24682,Bank 612,87E1D11B61F84C5B,150.0,Tanya,Gina Russell,UNPAID,
62253,Bank 571,A378BE321B0E43C1,161.0,Tanya,Lauren Patterson,UNPAID,
89393,Bank 775,5BCACB6E4A0F4C64,149.0,Tanya,Mark Chase,UNPAID,
31204,Bank 384,79E9C88289554023,170.0,Tanya,Douglas Daniel,UNPAID,
85237,Bank 701,0027E68CD95C46BB,140.0,Tanya,Tara Brown,UNPAID,
72561,Bank 215,FC60F207FBA44356,179.0,Tanya,Joshua Page,UNPAID,
66153,Bank 283,770030729C5D4968,70.0,Tanya,Darrell Fernandez,UNPAID,
88064,Bank 314,1617262E3B294433,98.0,Tanya,Arthur Hall,UNPAID,
41141,Bank 325,A7FE2B3B4FD0425D,72.0,Tanya,Scott Martinez,UNPAID,
12264,Bank 954,B2C56F16B26842A6,65.0,Tanya,Alice Pollard,UNPAID,
14292,Bank 480,68FAEFD129074B88,180.0,Tanya,Mark Brown,UNPAID,
36244,Bank 149,409E4010E4F04D51,40.0,Tanya,Daniel Bell,UNPAID,
53696,Bank 202,601A8526EDDC4AF4,110.0,Tanya,Elizabeth Carter,UNPAID,
19754,Bank 458,18554DC928E7487F,130.0,Tanya,Jose Huffman,UNPAID,
34127,Bank 771,E5BCB8A807CB424F,181.0,Tanya,John Smith,UNPAID,
78689,Bank 568,54DE7F30B5DD4C47,85.0,Tanya,Brian Martinez,UNPAID,
25342,Bank 923,C1623AF16F404D71,105.0,Tanya,Joseph Richards PhD,UNPAID,
80882,Bank 741,2CDF29F971B843E9,127.0,Tanya,Melissa Hamilton,UNPAID,
32134,Bank 794,E96C0B496EE94AC3,71.0,Tanya,Eric Johnson,UNPAID,
48834,Bank 658,A06188BAB3C4407B,45.0,Tanya,Jennifer Jennings,UNPAID,
41823,Bank 203,EF7A303F29E94DFA,130.0,Tanya,Mark Randolph,UNPAID,
18043,Bank 444,F67DDE2A5D394A41,39.0,Tanya,Tyler Soto,UNPAID,
84542,Bank 476,0DEB54325555436B,86.0,Tanya,Diana Lewis,UNPAID,
20864,Bank 780,660C51B40BB345D6,37.0,Tanya,Kirsten Wood PhD,UNPAID,
90435,Bank 569,437038D454484F03,98.0,Tanya,Douglas King,UNPAID,
94149,Bank 670,FBF410FE197D4B3E,118.0,Tanya,Zachary Maxwell,UNPAID,
77648,Bank 149,53F0C99D1F084220,26.0,Tanya,Gina Mcconnell DDS,UNPAID,
19799,Bank 344,8597244D199948AF,67.0,Tanya,Scott Ellis,UNPAID,
52759,Bank 193,3873E17B3F014B63,185.0,Tanya,Rebecca Morgan,UNPAID,
46060,Bank 785,078F3CCAE71E48BB,60.0,Tanya,Roberta Long,UNPAID,
42422,Bank 755,F321B79ADDD341C5,156.0,Tanya,Joshua Cervantes,UNPAID,
42244,Bank 504,C8D7769F610B4DEF,34.0,Tanya,Brittney Smith,UNPAID,
19573,Bank 697,C19D60503C9F42D1,198.0,Tanya,Michael Thompson,UNPAID,
97841,Bank 457,A7D0B354D3A24B52,122.0,Tanya,Katherine Moses,UNPAID,
98211,Bank 805,D33D924F454940C9,126.0,Tanya,Christine Clark,UNPAID,
88096,Bank 148,8584F77081A04B5F,76.0,Tanya,Ryan Ray,UNPAID,
57751,Bank 542,4DD20FD825894A41,90.0,Tanya,Cheyenne Ortiz,UNPAID,
91768,Bank 694,A9523DE11F7E45E4,68.0,Tanya,Katherine Morales,UNPAID,
20625,Bank 843,7B5F6EAB7CD5411A,116.0,Tanya,Mary Johnson,UNPAID,
12964,Bank 285,1DC62595704D4B6F,10.0,Tanya,James Walsh,UNPAID,
32568,Bank 337,1744EF0264EA489B,90.0,Tanya,Zachary Huffman,UNPAID,
47569,Bank 742,A0148174E1364DC0,160.0,Tanya,Bruce Cordova,UNPAID,
93934,Bank 659,9BB5BA240B694234,65.0,Tanya,Lisa Gibson,UNPAID,
31986,Bank 188,F507E6AD5F184089,63.0,Tanya,Lisa Delgado,UNPAID,
83572,Bank 295,94B0F968152747C1,163.0,Tanya,Brandon Miller,UNPAID,
92045,Bank 776,A0BC9B260CE34EED,168.0,Tanya,Ivan Smith,UNPAID,
19312,Bank 435,FFFB91BA29774313,51.0,Tanya,Mark Gonzalez,UNPAID,
67659,Bank 848,620A24CC4AD94937,60.0,Tanya,Leslie Mcmahon,UNPAID,
76805,Bank 500,0495495CA1334B5D,20.0,Tanya,Mr. Joshua Gonzalez MD,UNPAID,
95987,Bank 763,4465AA5EC9A24493,200.0,Tanya,Jeff Hughes,UNPAID,
66563,Bank 983,39CAC5670C244AF5,77.0,Tanya,Brandi Smith,UNPAID,
53811,Bank 307,37C7A9C183874A1D,177.0,Tanya,Drew Harris,UNPAID,
72601,Bank 958,601C7841942C4DAE,29.0,Tanya,Heather Ferguson,UNPAID,
77059,Bank 633,9141C93415A246B6,44.0,Tanya,Robert Moyer,UNPAID,
85986,Bank 756,337B077BC0814312,158.0,Tanya,Monica Mueller,UNPAID,
16524,Bank 488,AE7C210BB9164569,165.0,Tanya,Denise Rodriguez,UNPAID,
32547,Bank 585,C3CA73E3E68B4D7C,59.0,Tanya,Michelle Walsh,UNPAID,
59427,Bank 956,38F7397B0CA142EA,164.0,Tanya,Michael Elliott,UNPAID,
38826,Bank 693,2D81CCF74FEB4457,186.0,Tanya,Rebecca Dawson,UNPAID,
84137,Bank 370,5A5F6C579C3B426C,169.0,Tanya,Bryan York,UNPAID,
62875,Bank 511,AB218B6A07AD4728,117.0,Tanya,Patricia Walsh,UNPAID,
96036,Bank 186,593A90B369024BC4,29.0,Tanya,Gregory Cline Jr.,UNPAID,
17505,Bank 538,B80CB38F527047CA,45.0,Tanya,Paul Hall,UNPAID,
14088,Bank 165,888EEDD0CFDC4A5D,200.0,Tanya,Marc Gonzales,UNPAID,
63536,Bank 741,4C03BAB2988746BA,41.0,Tanya,Roberto Holt MD,UNPAID,
61368,Bank 460,3EBEF0EE05FE4286,58.0,Tanya,Ethan Franklin,UNPAID,
83673,Bank 315,226134E15CC248F8,119.0,Tanya,Anthony Mclaughlin,UNPAID,
15894,Bank 610,9D758C4F5C1647AF,162.0,Tanya,Patrick Combs,UNPAID,
12567,Bank 114,2A26DB71D5624867,59.0,Tanya,Todd Ramirez,UNPAID,
38417,Bank 969,1F52828ADA174037,124.0,Tanya,Karen Quinn,UNPAID,
57529,Bank 679,380E30547F7A4DBE,123.0,Tanya,Tanya Smith,UNPAID,
57267,Bank 617,F5497136AF6746B2,89.0,Tanya,James Phillips,UNPAID,
16331,Bank 505,D77FFDE469174011,168.0,Tanya,Travis Cobb,UNPAID,
75932,Bank 275,E2EBDFA69E914104,25.0,Tanya,Tristan Sullivan,UNPAID,
88700,Bank 188,BA08FDC6897F4FA8,153.0,Tanya,David Thomas,UNPAID,
21288,Bank 645,2F9EC3DC3DE84EEF,157.0,Tanya,Chris Carter,UNPAID,
69266,Bank 979,AEA8C22844794924,27.0,Tanya,Luke Smith,UNPAID,
40249,Bank 591,CA9B78B908C64C3D,17.0,Tanya,Maurice Miller,UNPAID,
43456,Bank 553,F473F46F9871450F,33.0,Tanya,David Daugherty,UNPAID,
59469,Bank 257,26CA95370910497A,200.0,Tanya,Steven Thomas,UNPAID,
22360,Bank 835,4EE941001E564A9F,45.0,Tanya,Lisa Robertson,UNPAID,
96237,Bank 931,B1FA52CAAF804837,168.0,Tanya,Joseph Gray,UNPAID,
49707,Bank 752,0C05AB9A57884E13,124.0,Tanya,Victor Brown,UNPAID,
96950,Bank 761,4BF044CB72FA446A,81.0,Tanya,Cynthia Shelton,UNPAID,
28990,Bank 295,888C8AA319174A8E,47.0,Tanya,Richard Simpson,UNPAID,
73772,Bank 287,5A8DFDD2897545B9,170.0,Tanya,Daniel Lynch,UNPAID,
33734,Bank 267,954CC340D87F4392,119.0,Tanya,Cynthia Rojas,UNPAID,
66081,Bank 436,4982AC9EA05C4888,77.0,Tanya,Jessica Smith,UNPAID,
60992,Bank 574,A34EBA78821B4481,88.0,Tanya,Kelsey Peters,UNPAID,
21908,Bank 427,4E665C297B3B4C6D,101.0,Tanya,Allison Watts,UNPAID,
14193,Bank 495,8356896985AF437F,188.0,Tanya,April Anderson,UNPAID,
38437,Bank 271,452040CA210E45E1,104.0,Tanya,Brandon Rodriguez,UNPAID,
48277,Bank 396,4602783CF26A4A7B,148.0,Tanya,Tammy Wagner,UNPAID,
78472,Bank 665,7F23903879D142C7,108.0,Tanya,Kyle Ferguson,UNPAID,
15523,Bank 466,7355D4DF825A4952,114.0,Tanya,Jessica Waller,UNPAID,
99159,Bank 956,6AF2ABB4625446F6,44.0,Tanya,Lisa Jones,UNPAID,
21892,Bank 349,109F33D7D0584F61,18.0,Tanya,Rachel Harris,UNPAID,
24991,Bank 643,7CC39E4B3E8B45FE,156.0,Tanya,Evan Townsend,UNPAID,
32705,Bank 177,5E6600DBFBF94C86,118.0,Tanya,Justin Ward,UNPAID,
96153,Bank 250,8B9800D484E344E2,99.0,Tanya,Nicholas Gonzalez,UNPAID,
86699,Bank 444,3C6FDD7C6F444A89,90.0,Tanya,Jessica Mcdonald,UNPAID,
41481,Bank 949,3008024ED53A4F64,165.0,Tanya,Jimmy Ramirez,UNPAID,
13514,Bank 580,1DC41A0047CC48C8,40.0,Tanya,Michael Burns,UNPAID,
23587,Bank 318,4F992EAEB5974398,133.0,Tanya,Bradley Boyer,UNPAID,
59448,Bank 404,F9FA45EC1F914103,108.0,Tanya,Cody Berry,UNPAID,
95153,Bank 148,EF83FB7B3D2247D8,106.0,Tanya,Brad Thompson,UNPAID,
15071,Bank 881,8878D8A9A9F94578,76.0,Tanya,Carlos Thomas,UNPAID,
29155,Bank 415,84B98879E71845D4,117.0,Tanya,Tracie Barnes,UNPAID,
83559,Bank 918,D0C6BA1ADC9A4671,12.0,Tanya,Jennifer Floyd,UNPAID,
44864,Bank 465,26563EE21C6E4DA5,80.0,Tanya,Courtney Patel,UNPAID,
13719,Bank 363,326E759F5F4F441D,164.0,Tanya,Christopher Rodriguez,UNPAID,
82645,Bank 809,CCA3CA4A0F46433A,154.0,Tanya,Melinda Huber,UNPAID,
84087,Bank 779,F81821271DA941DD,187.0,Tanya,John Herman,UNPAID,
53739,Bank 956,E863B1F120464CE2,133.0,Tanya,Jeremy Patterson,UNPAID,
64854,Bank 821,8DB2D1C14B264EF0,89.0,Tanya,Taylor Valdez,UNPAID,
64828,Bank 576,346B43DEAB2747E9,200.0,Tanya,Shane Mendez,UNPAID,
45114,Bank 384,8FC17AB269D24111,139.0,Tanya,Sarah White,UNPAID,
38597,Bank 607,2161648D935B441A,167.0,Tanya,Alexis Peck,UNPAID,
24109,Bank 206,3DD5246845A44C96,40.0,Tanya,Julie Saunders,UNPAID,
28904,Bank 149,03A665E85A4243B1,134.0,Tanya,Jamie Johnson,UNPAID,
36929,Bank 135,BC56AF5D8AAD4A04,98.0,Tanya,Steven Ramos,UNPAID,
11922,Bank 416,F57D4FBE2E1549A1,54.0,Tanya,Kim Stevenson,UNPAID,
33001,Bank 687,C67FD57C05CE48AB,119.0,Tanya,Scott Deleon,UNPAID,
47428,Bank 995,CAFD4B7E066C4A86,100.0,Tanya,Sara Wise,UNPAID,
95450,Bank 219,36CAB09DA8204B4F,104.0,Tanya,Roberto Hughes,UNPAID,
22516,Bank 762,F6D4882C00EB48E4,148.0,Tanya,Jennifer Smith,UNPAID,
86400,Bank 467,0036A0AD25994FA0,15.0,Tanya,Dana Chapman,UNPAID,
83723,Bank 636,845DC19360054F0E,101.0,Tanya,Sydney Allen,UNPAID,
39760,Bank 389,C4E7C5E13EBB4671,63.0,Tanya,Christopher Poole,UNPAID,
75785,Bank 439,02D2321905C148F7,107.0,Tanya,Krystal Dyer,UNPAID,
88758,Bank 331,AC55A232353B4DAF,40.0,Tanya,Dana Stewart,UNPAID,
87718,Bank 734,5710627025DE4903,71.0,Tanya,Amber Calderon,UNPAID,
16573,Bank 450,3F1C29C5C1AD43DF,193.0,Tanya,Bryan Wilcox,UNPAID,
68191,Bank 830,7A9AA0CD1CE544C5,166.0,Tanya,Sarah Goodwin,UNPAID,
62413,Bank 566,CDC2F7DF3BF44FB3,104.0,Tanya,Mrs. Madison Kirby,UNPAID,
18221,Bank 559,CB4974673A2345F6,194.0,Tanya,Jose Brown,UNPAID,
62416,Bank 291,9CB3A2F3CD3D420B,85.0,Tanya,Richard Tucker,UNPAID,
22903,Bank 767,BA39012AB3774030,158.0,Tanya,Teresa Hall,UNPAID,
45690,Bank 450,006D14BCFA0C4C37,135.0,Tanya,William Bowers,UNPAID,
16285,Bank 957,ADCDAF9DCBAF46A8,47.0,Tanya,Jason Joseph,UNPAID,
94597,Bank 307,52423750FF0149CE,37.0,Tanya,Laura Welch,UNPAID,
20406,Bank 951,9124A9A5C47446DD,136.0,Tanya,Jeffrey Collins,UNPAID,
85114,Bank 691,8D92C2FC2F1745C2,108.0,Tanya,Shannon Miller,UNPAID,
17064,Bank 920,F8DDCA699AE64C1F,118.0,Tanya,Jose Wong DVM,UNPAID,
99140,Bank 419,5112C2D736C447CA,68.0,Tanya,Jennifer Macias,UNPAID,
88829,Bank 543,CB527B2900924599,170.0,Tanya,Joshua Green,UNPAID,
80383,Bank 984,AF1FA7068F3B464E,20.0,Tanya,Jennifer Rodriguez,UNPAID,
34791,Bank 627,860EC502B34247B8,86.0,Tanya,Jason Brady,UNPAID,
39344,Bank 745,A5BCE8CB23E94507,195.0,Tanya,Gerald Hughes,UNPAID,
26256,Bank 730,A167310C51AD42AC,182.0,Tanya,Teresa Nicholson,UNPAID,
39244,Bank 568,EBFCF1361BAE459B,124.0,Tanya,Jacob Sawyer,UNPAID,
93442,Bank 900,389F3481E86F4DA7,72.0,Tanya,Alicia Martin,UNPAID,
37422,Bank 704,D1BD7F0AEE6644D0,149.0,Tanya,Jeffrey Rasmussen,UNPAID,
11236,Bank 575,2BA3DCEFE5624ADF,188.0,Tanya,William Chavez,UNPAID,
95996,Bank 397,B2F237C419AD41D1,40.0,Tanya,Christopher Anderson,UNPAID,
17137,Bank 844,2B81A49B956A4227,102.0,Tanya,Amber Thompson,UNPAID,
27168,Bank 289,DAC9388DE0614153,10.0,Tanya,Brian Vazquez,UNPAID,
59738,Bank 578,96E527B6107842F5,88.0,Tanya,Ethan Mccoy,UNPAID,
35235,Bank 232,FF97DB3DF74E4244,182.0,Tanya,Steven Hill,UNPAID,
81497,Bank 757,2D40BBCF4E2C4526,24.0,Tanya,Sarah Baird,UNPAID,
23139,Bank 372,7612ACD83DB148FC,22.0,Tanya,Tony Morgan,UNPAID,
53296,Bank 992,3EC10EABFC394D9E,104.0,Tanya,Jason Hubbard,UNPAID,
36540,Bank 836,7008043F30594F11,63.0,Tanya,Brian Wright,UNPAID,
65657,Bank 760,ACE369148EC641D4,34.0,Tanya,Margaret Medina,UNPAID,
89010,Bank 904,B2910B26AC294463,99.0,Tanya,Natalie Miller,UNPAID,
21450,Bank 667,C7EC4F34EB3242E9,135.0,Tanya,Jason Conley,UNPAID,
23267,Bank 578,8EBD48D425FB49BA,42.0,Tanya,Jonathan Allen,UNPAID,
32616,Bank 530,76552AA0B0FA47CD,133.0,Tanya,Madison Adams,UNPAID,
42033,Bank 305,CF2D963454A14827,86.0,Tanya,April Crosby,UNPAID,
48978,Bank 447,C565C406C49F47A6,182.0,Tanya,Richard Franklin,UNPAID,
94472,Bank 642,D78BF8864AF74B16,151.0,Tanya,Colleen Blake,UNPAID,
25981,Bank 488,F3CBF61AB4E840DA,139.0,Tanya,Ruben Berry,UNPAID,
34699,Bank 320,9B171A824B6A4C3F,106.0,Tanya,Jeremiah Garcia,UNPAID,
86809,Bank 284,04FC2725733F4648,87.0,Tanya,Andrew Soto,UNPAID,
97909,Bank 678,C7B1D29609734049,41.0,Tanya,Ashley Kelly,UNPAID,
17536,Bank 739,F55CA134B8204905,77.0,Tanya,Margaret Ortiz,UNPAID,
48275,Bank 144,CB2D75F8A238493C,199.0,Tanya,Jeffrey Rice,UNPAID,
83357,Bank 312,D3717F0036C14111,165.0,Tanya,Joshua Roberts,UNPAID,
18820,Bank 278,E018D6F31D7749B8,31.0,Tanya,Shane King,UNPAID,
89531,Bank 471,21ADC6FB3978468F,101.0,Tanya,Elizabeth Cross,UNPAID,
97874,Bank 877,442188A2B9624EFC,10.0,Tanya,Timothy Barber,UNPAID,
50688,Bank 684,4561EE01939C430B,127.0,Tanya,Miss Maria Randall,UNPAID,
94135,Bank 749,481CCD7B896B4FAC,11.0,Tanya,Jacob Gibson,UNPAID,
62745,Bank 268,9D9188A0594C423C,66.0,Tanya,Jordan Diaz,UNPAID,
71445,Bank 949,D85008B6D4DC428C,96.0,Tanya,Jerome Porter,UNPAID,
46971,Bank 465,907FF40E3734446E,157.0,Tanya,Christopher Alvarado,UNPAID,
15978,Bank 606,9CD37D5F1B6C48E4,54.0,Tanya,Brian Keller,UNPAID,
52758,Bank 403,62C7294A39F04F86,63.0,Tanya,Danielle Brock,UNPAID,
75958,Bank 570,DF6351ED32D14C71,160.0,Tanya,Victoria Maynard,UNPAID,
81662,Bank 563,3423EDB8A9B34AA1,67.0,Tanya,David Alvarez,UNPAID,
56599,Bank 830,959BBB752D1447FB,31.0,Tanya,Lisa Strickland,UNPAID,
86274,Bank 281,F5D9C1C0C9FA4E58,81.0,Tanya,David Robinson,UNPAID,
79129,Bank 244,E9EC61FCBE6A4DF7,15.0,Tanya,Crystal Golden,UNPAID,
33315,Bank 994,CCE8C9A4976A4421,50.0,Tanya,Isabel Bruce,UNPAID,
36833,Bank 553,D39C4363ECD5474A,26.0,Tanya,Laura Norman,UNPAID,
39993,Bank 213,A57C80C44D514A49,109.0,Tanya,Shane Goodman,UNPAID,
21340,Bank 370,73A39E97883241AB,17.0,Tanya,Steven Foster,UNPAID,
54981,Bank 350,548F1B6815604F10,162.0,Tanya,Deanna Carson,UNPAID,
36100,Bank 131,224036377FD7463D,175.0,Tanya,Stephanie Jimenez,UNPAID,
31949,Bank 512,09B768C21EED4D49,91.0,Tanya,Jose Solis,UNPAID,
61767,Bank 881,4CF1ABA03711472F,127.0,Tanya,Gina Hayes,UNPAID,
97071,Bank 797,2E0CD023ABD74864,163.0,Tanya,Daniel Graham,UNPAID,
55739,Bank 743,E87C5C22B39347CC,173.0,Tanya,Michelle Williams,UNPAID,
81144,Bank 333,858A7EC4C2B54B34,144.0,Tanya,Rachel Webb,UNPAID,
73078,Bank 944,1E5B355E47394B0E,200.0,Tanya,Leslie Carter,UNPAID,
92747,Bank 992,5984821E17204A09,121.0,Tanya,Albert Ball,UNPAID,
51596,Bank 907,6C8C4B4092514C63,95.0,Tanya,Thomas Cooper,UNPAID,
13923,Bank 283,6394C67B074E418C,172.0,Tanya,Mark Smith,UNPAID,
34051,Bank 815,53F2E973FBE34653,140.0,Tanya,Samantha Tate,UNPAID,
24173,Bank 799,DA52512883164842,162.0,Tanya,Jillian Cole,UNPAID,
27905,Bank 770,D3223515232F45A1,176.0,Tanya,Marisa Stewart,UNPAID,
41944,Bank 253,71CFF079FF904BAB,154.0,Tanya,Sean Jackson,UNPAID,
64266,Bank 164,2A1567AD9CA54AA4,52.0,Tanya,Robert Perry,UNPAID,
16055,Bank 768,4B9109B1868D4C42,103.0,Tanya,Tyler Johnson,UNPAID,
70609,Bank 854,20D52C1412934A7A,120.0,Tanya,Rachel Robinson PhD,UNPAID,
89287,Bank 221,5D7B19A207CB4568,163.0,Tanya,Briana Bailey,UNPAID,
74239,Bank 115,D9DBF46312094B1A,162.0,Tanya,Susan Werner,UNPAID,
55230,Bank 593,79901C7198ED41D0,75.0,Tanya,Amy Doyle,UNPAID,
11883,Bank 798,B8073B93144B4470,30.0,Tanya,Hector Barnett,UNPAID,
31458,Bank 675,1966C4D5940B4090,85.0,Tanya,Drew Ritter,UNPAID,
32630,Bank 254,1EADD6F9FF454B72,28.0,Tanya,Mary Mitchell,UNPAID,
67535,Bank 214,72F29C4D464E48C5,57.0,Tanya,Matthew Guzman,UNPAID,
25779,Bank 407,137FAADAEB9C48CE,81.0,Tanya,Dale Hardy,UNPAID,
82894,Bank 134,638012275CFF48B6,198.0,Tanya,Melinda Rodgers,UNPAID,
38198,Bank 508,3F6FDDF130984CB8,41.0,Tanya,Ashley Parker,UNPAID,
69445,Bank 714,EB0EE427AE7648DE,145.0,Tanya,Robert Miller,UNPAID,
44053,Bank 357,33520C59F73149A2,18.0,Tanya,Jake Munoz,UNPAID,
55062,Bank 290,52F13C1995894B10,141.0,Tanya,Randall Gibson,UNPAID,
66065,Bank 274,6AEFC33F286E446D,135.0,Tanya,Andrew Palmer,UNPAID,
47012,Bank 252,8BD1FF7DA8AD4677,18.0,Tanya,Wendy Walker,UNPAID,
68863,Bank 733,CFF49EE997724C83,175.0,Tanya,Timothy Vargas,UNPAID,
50265,Bank 843,879054E6B16640A2,12.0,Tanya,Jonathan Wilson,UNPAID,
89841,Bank 639,E20668F2DF14459B,191.0,Tanya,Maria Anthony,UNPAID,
28264,Bank 824,D2A4E031C5F242AA,170.0,Tanya,Pamela Harris,UNPAID,
89423,Bank 358,62A38939A7C94794,70.0,Tanya,Joel Schwartz,UNPAID,
29399,Bank 260,8E34E55EC26A44B5,196.0,Tanya,William Jackson,UNPAID,
65504,Bank 594,CAF43B70E82247DD,181.0,Tanya,Anthony Merritt,UNPAID,
54785,Bank 761,B2BBC49E17704D1C,93.0,Tanya,Madison Wagner,UNPAID,
84099,Bank 402,ED393FB8D34E41BB,24.0,Tanya,Jerry Stevens,UNPAID,
47837,Bank 203,8475ABAE743C4FC7,115.0,Tanya,Elizabeth Foster,UNPAID,
47338,Bank 933,6D9CB0707CAA4ACF,76.0,Tanya,Jennifer Sloan,UNPAID,
45738,Bank 761,5E8D34B30D24499C,152.0,Tanya,Greg Banks,UNPAID,
82870,Bank 902,C738979A8B1140C4,51.0,Tanya,Alice Carter,UNPAID,
94224,Bank 860,3D87BEE2E83642D5,42.0,Tanya,Brian Murphy,UNPAID,
43352,Bank 799,B2DAF3BD09FB43BA,196.0,Tanya,Michael Simmons,UNPAID,
84255,Bank 102,978EDE2757E546BD,30.0,Tanya,Savannah Gilmore,UNPAID,
22291,Bank 698,C12342B671C14F48,10.0,Tanya,Kevin Parker,UNPAID,
19626,Bank 563,070AA773C0FF48D0,63.0,Tanya,John Owens,UNPAID,
26316,Bank 423,4C0084E86BB34867,35.0,Tanya,Samantha Hurley,UNPAID,
99380,Bank 162,8C037358C2664545,178.0,Tanya,Raymond Marshall,UNPAID,
41726,Bank 432,04ABC36114A74771,13.0,Tanya,Robert Mitchell,UNPAID,
76557,Bank 443,81DFDD8F1CCA4E47,173.0,Tanya,Leslie Wilson,UNPAID,
66067,Bank 348,26045B848F564CE4,148.0,Tanya,Jessica Carr,UNPAID,
48808,Bank 819,A180B17714D240BA,59.0,Tanya,John Gordon,UNPAID,
61212,Bank 232,FDD603154A93447C,110.0,Tanya,Brenda Gill,UNPAID,
30070,Bank 421,DC8FA14DC201480D,166.0,Tanya,Dale Wood,UNPAID,
57766,Bank 416,81CF809043AF4019,185.0,Tanya,Mrs. Jessica Ross,UNPAID,
73718,Bank 175,541F8AAC5FF94345,21.0,Tanya,Amber Wells,UNPAID,
22963,Bank 720,1D91A19E15FF431A,70.0,Tanya,Brian Cooper,UNPAID,
93791,Bank 711,215CDDB3A2B64F31,82.0,Tanya,John Edwards,UNPAID,
67347,Bank 795,74ABA4EE59FE42B1,153.0,Tanya,Amy Flynn,UNPAID,
80678,Bank 714,B125B99ADDAA4375,116.0,Tanya,Alyssa Anderson,UNPAID,
15892,Bank 388,6B3BD5ECEB954C3C,23.0,Tanya,Colton Sanchez,UNPAID,
32957,Bank 166,F9629EEB52A4419C,180.0,Tanya,Jessica Brooks,UNPAID,
10800,Bank 141,7A8DD9AFDD67478A,110.0,Tanya,Christopher Bell,UNPAID,
18134,Bank 719,85EC92747F844BB4,97.0,Tanya,Adrian Mcdaniel,UNPAID,
58190,Bank 599,6CC7A3181E4F40B2,155.0,Tanya,John Gill,UNPAID,
98687,Bank 135,38B0B1A749504523,46.0,Tanya,Randall Gomez,UNPAID,
67824,Bank 860,023339E5C31C4EEA,28.0,Tanya,Dennis Carr,UNPAID,
79672,Bank 127,C3242BCB5D634B71,19.0,Tanya,Kevin Brown,UNPAID,
37707,Bank 784,7702379A35DC4B67,36.0,Tanya,April Valentine,UNPAID,
11300,Bank 118,F8698D96E5FC4CF5,60.0,Tanya,Jermaine Cunningham,UNPAID,
46001,Bank 310,820EA06C881B4388,80.0,Tanya,Wesley Stevenson,UNPAID,
81809,Bank 272,A077E650109445C5,87.0,Tanya,Jamie Barnes,UNPAID,
59538,Bank 715,8A9543AC32664992,67.0,Tanya,Michelle Mcdowell,UNPAID,
99974,Bank 587,BB068FE6A6C948A4,117.0,Tanya,Dr. Sarah Harrington,UNPAID,
56804,Bank 310,8487A266555C49FC,103.0,Tanya,Adam Cordova,UNPAID,
16691,Bank 773,5F55AC02072D44A4,152.0,Tanya,Tara West,UNPAID,
98443,Bank 700,4261BD6C5BA741FC,198.0,Tanya,John Collins,UNPAID,
17152,Bank 841,EA1654FEBE074D6A,187.0,Tanya,Amanda Davis DVM,UNPAID,
65884,Bank 349,76F96B5A4B1F4B31,110.0,Tanya,Phillip Perkins,UNPAID,
17522,Bank 896,292C6F2F371446E6,185.0,Tanya,Brenda Hodge,UNPAID,
38861,Bank 841,B32C0DC3501A4127,172.0,Tanya,Denise Ballard,UNPAID,
44249,Bank 418,77E33AF6D30A4866,99.0,Tanya,Michele Jenkins,UNPAID,
27723,Bank 676,0489E3EB92484F08,32.0,Tanya,Vanessa Curry,UNPAID,
15058,Bank 465,D0A2D6D7AA1B4CEE,112.0,Tanya,John Richardson,UNPAID,
78140,Bank 491,D16BC5061BF04E29,53.0,Tanya,Nathan Parker,UNPAID,
30174,Bank 202,EB4F5AD8629F4949,127.0,Tanya,Taylor Vaughn,UNPAID,
78196,Bank 826,29F3185CF77B4A9A,91.0,Tanya,Sara Lee,UNPAID,
38220,Bank 403,1DB4C871267F4073,97.0,Tanya,Michael Williams,UNPAID,
42006,Bank 462,E0135001768B4E90,94.0,Tanya,Tamara Wilson,UNPAID,
45980,Bank 858,85514DEF85B84808,87.0,Tanya,Sandra Mckinney,UNPAID,
76841,Bank 550,EC36F94FB38E4B05,27.0,Tanya,Juan Kramer,UNPAID,
92604,Bank 551,F9CFCCB5BF8547DD,35.0,Tanya,Tammy Marshall,UNPAID,
49449,Bank 489,465FBFA772AD40BA,174.0,Tanya,Douglas Walker,UNPAID,
36447,Bank 240,CC56D208FDAB4B3E,134.0,Tanya,Heather Miller,UNPAID,
31991,Bank 128,C1FB4821388A4CB4,67.0,Tanya,Dawn Reed,UNPAID,
97684,Bank 162,1CB45C2CEB2344F2,144.0,Tanya,Jeremy Phillips,UNPAID,
19306,Bank 836,D0AD4D33956F41DD,161.0,Tanya,Katherine Knight,UNPAID,
78210,Bank 360,8C921F5110D348AE,40.0,Tanya,Richard Anderson,UNPAID,
43334,Bank 651,D5E2F82ACDCF46E6,140.0,Tanya,Kimberly Carson,UNPAID,
99335,Bank 406,43FD836B1059451F,79.0,Tanya,Melissa Arnold,UNPAID,
41620,Bank 303,15E1E06DD6184404,54.0,Tanya,Adam Lester,UNPAID,
19193,Bank 653,BC69A1F0B1EB447B,66.0,Tanya,Kimberly Martinez,UNPAID,
86131,Bank 220,E80C88E5D7E441A5,191.0,Tanya,Brandon Johnson,UNPAID,
37534,Bank 961,BD796ABD93564C1A,38.0,Tanya,Adam Peck,UNPAID,
47775,Bank 406,F2C9BB1C00974A68,12.0,Tanya,David Perez,UNPAID,
55346,Bank 364,4DE8061960F44ED0,110.0,Tanya,Deborah Ward,UNPAID,
19736,Bank 641,6FDEB548F90D486C,70.0,Tanya,Lisa Patterson,UNPAID,
77354,Bank 259,D7F840BB4F84440A,47.0,Tanya,Justin Harding,UNPAID,
45808,Bank 209,71D958DABC3A4A90,79.0,Tanya,Michael Alvarado,UNPAID,
71876,Bank 187,A745EA29C8CD4255,21.0,Tanya,Phillip Salazar,UNPAID,
46814,Bank 128,9190C7CB5E824CCC,10.0,Tanya,Douglas Willis DVM,UNPAID,
71436,Bank 289,0023A6BA306649BB,41.0,Tanya,Julie Thompson,UNPAID,
72312,Bank 599,7CF05C239CC84B51,98.0,Tanya,Tyler Hubbard,UNPAID,
73755,Bank 746,CEABA8E736E6439E,58.0,Tanya,Benjamin Martinez,UNPAID,
72140,Bank 694,9F338A62508C4527,48.0,Tanya,Roger Allison,UNPAID,
54417,Bank 803,224A842F4BF64446,13.0,Tanya,Lisa Gomez,UNPAID,
93332,Bank 175,E1E9CED575384AF0,89.0,Tanya,Charles Tapia,UNPAID,
10230,Bank 878,63F7B8204680458F,110.0,Tanya,Kristie Wolf,UNPAID,
11494,Bank 811,33E74C7E8D8D4634,148.0,Tanya,Barbara Mcpherson,UNPAID,
33266,Bank 617,7D2C4649315A4A8A,21.0,Tanya,Susan Sanders,UNPAID,
96822,Bank 692,2EAFE4D344BE42C6,147.0,Tanya,John Sharp,UNPAID,
81728,Bank 977,F3204D57F8FF41D3,145.0,Tanya,Emily Davis,UNPAID,
16173,Bank 148,E6C952079C094725,89.0,Tanya,Laura Stark,UNPAID,
16580,Bank 929,7DFB9A2F84704D1F,32.0,Tanya,Melvin Delacruz,UNPAID,
78212,Bank 707,0D4DF0B9C6464076,177.0,Tanya,Jeremy Walton,UNPAID,
96210,Bank 745,546BBDE005C54735,69.0,Tanya,Daniel Higgins,UNPAID,
10226,Bank 543,2FB0885D089D4BBA,109.0,Tanya,Alan Gilbert,UNPAID,
77914,Bank 560,B4E845236D8A47FF,165.0,Tanya,Stacy Gomez,UNPAID,
90434,Bank 136,4456FDF4A6C34DF1,90.0,Tanya,Taylor Bass,UNPAID,
99662,Bank 758,CC8A82C2BA994963,153.0,Tanya,Danielle Parker,UNPAID,
86387,Bank 160,68E29EB708434425,120.0,Tanya,Kevin Briggs,UNPAID,
34387,Bank 587,D528C1A87356406A,158.0,Tanya,Mary Stephens,UNPAID,
16902,Bank 806,BB73153C56054CCB,98.0,Tanya,Rhonda Rhodes,UNPAID,
52940,Bank 962,FCA26BE5CC0E4890,90.0,Tanya,David Castro,UNPAID,
15512,Bank 141,89A49B1BB98A4984,11.0,Tanya,Timothy Hoover DDS,UNPAID,
11280,Bank 763,4BE69233B72C417C,185.0,Tanya,Susan Martinez,UNPAID,
16760,Bank 266,2AA97A5179E745A1,89.0,Tanya,Larry Moss,UNPAID,
98037,Bank 168,4C19108E11E14A12,52.0,Tanya,Dr. Sydney Meyer,UNPAID,
36990,Bank 835,0984BF89CD3A42C0,153.0,Tanya,Dr. Debra Brooks,UNPAID,
48612,Bank 641,1AA119E2DE094D9A,148.0,Tanya,Kristin Floyd,UNPAID,
73432,Bank 778,5017FB0818804152,49.0,Tanya,Meagan Stokes,UNPAID,
54090,Bank 936,C345890F97CF4614,46.0,Tanya,Amanda Sandoval,UNPAID,
21870,Bank 462,D093CFCD94A744CE,83.0,Tanya,Kelly Perez,UNPAID,
53086,Bank 722,BF414F24C01042BD,53.0,Tanya,Kimberly Maldonado,UNPAID,
22722,Bank 720,4FC32215C1644529,170.0,Tanya,Michelle Landry MD,UNPAID,
90562,Bank 683,066AF5027C9A4E8A,46.0,Tanya,Carl Thompson,UNPAID,
29755,Bank 924,68C7521303EA4939,70.0,Tanya,Jessica King,UNPAID,
44579,Bank 910,B2BD94EED4E046E4,43.0,Tanya,Mark Scott,UNPAID,
93173,Bank 775,A7193E0D395B4741,49.0,Tanya,Jerry Cowan,UNPAID,
36061,Bank 468,9080560D87A246AF,89.0,Tanya,Mark Sims,UNPAID,
82262,Bank 921,19623156DD454397,110.0,Tanya,Michael Jimenez,UNPAID,
22348,Bank 934,C6A65D64BAD341B3,88.0,Tanya,Katie Hodge,UNPAID,
95181,Bank 237,26EF6D739F7B45CB,73.0,Tanya,Jacob Johnson,UNPAID,
44860,Bank 486,DC4E42D747CA43E1,84.0,Tanya,Troy Joseph,UNPAID,
92751,Bank 468,7511D2DEBA994042,160.0,Tanya,John Williams,UNPAID,
27316,Bank 732,DD3A864D9B5D4611,181.0,Tanya,Drew Smith,UNPAID,
16717,Bank 303,ED7D18639A014207,120.0,Tanya,Deborah Holmes,UNPAID,
30809,Bank 110,B7BF0BE2F49D4879,125.0,Tanya,Lisa Jones,UNPAID,
42137,Bank 728,5189C6F60ED84284,187.0,Tanya,Brian Garrett,UNPAID,
41293,Bank 258,BA98292F1EB04DA5,196.0,Tanya,Katelyn Clark,UNPAID,
13248,Bank 894,77D21E617DBD45EF,152.0,Tanya,Alyssa Larsen,UNPAID,
70392,Bank 851,8A63DFA3633540BD,176.0,Tanya,Paul Wood,UNPAID,
21117,Bank 709,240F64E53CA44981,41.0,Tanya,Adrian Flores,UNPAID,
34256,Bank 693,EAAC7826137642A1,126.0,Tanya,Gregory Long MD,UNPAID,
57509,Bank 438,EDA148216A0F4E06,133.0,Tanya,Molly Schwartz,UNPAID,
99944,Bank 615,5A5663FA2F6A4283,171.0,Tanya,Nathan Oneal,UNPAID,
98128,Bank 913,F5243A05C66F4744,174.0,Tanya,Mr. Robert Peck DDS,UNPAID,
40086,Bank 533,4A09A11C01BD4911,12.0,Tanya,Tamara Anderson MD,UNPAID,
17625,Bank 526,068264CF3C684458,104.0,Tanya,Eric Schultz,UNPAID,
64892,Bank 891,A6C3EAA506864B2B,150.0,Tanya,Kathleen West,UNPAID,
41022,Bank 748,F36E7AE52DBD4A8E,113.0,Tanya,Kenneth Brewer,UNPAID,
66740,Bank 145,11CF03AE90F74D34,29.0,Tanya,Kristi Krause,UNPAID,
62077,Bank 875,43C2B6B1CED84C79,165.0,Tanya,Maria Peters,UNPAID,
84401,Bank 669,E762DD3840844872,152.0,Tanya,Michael Harris,UNPAID,
11660,Bank 935,75702570A32C4ED8,113.0,Tanya,Donna Boyle,UNPAID,
91141,Bank 323,713C0195A4684910,43.0,Tanya,Sara Thomas,UNPAID,
47215,Bank 689,3CECBDBBD50648DB,144.0,Tanya,Brianna Bates,UNPAID,
19879,Bank 947,99CFC14B6A59423B,45.0,Tanya,David Curry,UNPAID,
41140,Bank 362,0A6384F9EF1E4373,26.0,Tanya,Rachel Arnold,UNPAID,
59923,Bank 604,58845539404B48DA,183.0,Tanya,Jason Ortega,UNPAID,
60655,Bank 465,0E200AE71A674B32,119.0,Tanya,Tiffany Smith,UNPAID,
18961,Bank 332,9BD343950DEE426A,12.0,Tanya,Claudia Morales,UNPAID,
69347,Bank 359,8A36AB3FDD9F49D2,22.0,Tanya,Julian Thomas,UNPAID,
78355,Bank 601,8392AB3AD754400C,43.0,Tanya,Christine Jackson,UNPAID,
94761,Bank 460,C99342E0B4694047,35.0,Tanya,Brendan Gray,UNPAID,
75050,Bank 549,865204931B26437D,68.0,Tanya,Anna Garcia,UNPAID,
64706,Bank 171,4E0DFA240FF34BBE,174.0,Tanya,Tiffany Crawford,UNPAID,
12777,Bank 388,9051143B618E46BA,52.0,Tanya,Michael Jones,UNPAID,
41770,Bank 179,62565189EC474864,135.0,Tanya,Amy Valencia,UNPAID,
44527,Bank 389,9E5F66DB44FD4324,38.0,Tanya,Timothy Cole,UNPAID,
81153,Bank 515,497003872DEC4A94,10.0,Tanya,Marcus Mitchell,UNPAID,
27292,Bank 479,2A31DAB1603F4E84,53.0,Tanya,Brian Miller,UNPAID,
43293,Bank 294,068A15AC64B140A4,117.0,Tanya,Daniel Brown,UNPAID,
30773,Bank 415,001C82CD84A94541,198.0,Tanya,Mark Duke,UNPAID,
19343,Bank 363,73778A2588FD4305,157.0,Tanya,Kimberly Carroll,UNPAID,
89897,Bank 105,7B87748D48C94D07,28.0,Tanya,Donna Soto,UNPAID,
55632,Bank 161,9FBDF0265BC5411B,83.0,Tanya,Patricia Acevedo,UNPAID,
27301,Bank 723,1EA610A0090C4F4E,144.0,Tanya,Sean Sanders,UNPAID,
51797,Bank 453,F27A40497CC64B8D,165.0,Tanya,Samuel Combs,UNPAID,
14176,Bank 893,5BD84CA57AC04E10,168.0,Tanya,David Anderson,UNPAID,
76127,Bank 461,0EC42DC0495D4187,132.0,Tanya,Mrs. Lisa Boyle,UNPAID,
27213,Bank 523,7540F9B8641A430E,196.0,Tanya,Glenn Stark,UNPAID,
88338,Bank 677,17B8EC96BF724D71,117.0,Tanya,Sarah Wolf,UNPAID,
92149,Bank 545,34B9C2FC16F542E1,35.0,Tanya,Christopher Cortez,UNPAID,
48291,Bank 847,F2CD28E84D1F468E,184.0,Tanya,David Cruz,UNPAID,
30434,Bank 356,B8DB2E4899C04B2A,162.0,Tanya,William Doyle Jr.,UNPAID,
57668,Bank 176,6AB0E9D8ADD3409C,37.0,Tanya,Heather Duffy,UNPAID,
10397,Bank 468,0FB5D38BA9EA4794,96.0,Tanya,Samantha Martin,UNPAID,
95432,Bank 815,7993615CB2C34EE5,167.0,Tanya,Kelly Miller,UNPAID,
70611,Bank 353,B291A0AFB60F49B8,167.0,Tanya,Jason Gibbs,UNPAID,
78435,Bank 823,C0E52C3130734BEB,181.0,Tanya,Brian Washington,UNPAID,
90090,Bank 231,6CC343B5B61E4670,149.0,Tanya,Dr. Sarah Parker,UNPAID,
71092,Bank 231,1793EBA998414EF9,178.0,Tanya,Gregory Roberts,UNPAID,
85321,Bank 605,34C2DE89394349E5,108.0,Tanya,Alexander Stein,UNPAID,
43064,Bank 149,4D742F71C2C24750,142.0,Tanya,Wanda Anderson,UNPAID,
98823,Bank 995,8F78DD6B40794013,95.0,Tanya,Rickey Orr,UNPAID,
27624,Bank 274,D4C7E6DEEBEC45E2,151.0,Tanya,Hailey Graves,UNPAID,
96089,Bank 158,A9966F338DB34E6A,20.0,Tanya,Benjamin Fields,UNPAID,
13776,Bank 366,2ADB74F3A44148B6,159.0,Tanya,Tonya Rivera,UNPAID,
67947,Bank 611,ED0B986A92E44DA3,74.0,Tanya,Amanda Garrett,UNPAID,
14320,Bank 330,37DC001AF03E4BCF,82.0,Tanya,Steven Rodriguez,UNPAID,
33274,Bank 989,F454BF1D51F345E1,157.0,Tanya,Austin Ortiz,UNPAID,
85806,Bank 294,681CC44FFCFD4A7C,60.0,Tanya,Jesus Gregory,UNPAID,
29575,Bank 323,B352E8146D11436B,180.0,Tanya,Amanda Pena,UNPAID,
14270,Bank 371,089E6DDBD8274C81,140.0,Tanya,Rachel Hansen,UNPAID,
82368,Bank 371,12308745C8A5450D,124.0,Tanya,Jorge Shannon,UNPAID,
22445,Bank 824,6800CB77656644C3,111.0,Tanya,Darrell Martin,UNPAID,
19013,Bank 956,A16A939717F44CF3,118.0,Tanya,Melissa Green,UNPAID,
44614,Bank 752,7536EF80F53A4582,114.0,Tanya,Patricia White,UNPAID,
26869,Bank 210,47710E8B064D4932,89.0,Tanya,Megan Clark,UNPAID,
98099,Bank 115,EE4B77265E534A35,71.0,Tanya,Christine Wood,UNPAID,
26708,Bank 390,DE72B1CB6BB643B6,75.0,Tanya,John Pearson,UNPAID,
65818,Bank 276,AFE7109C4AD445C4,44.0,Tanya,Justin Morris,UNPAID,
33627,Bank 907,81102FC75CAB481E,198.0,Tanya,Joyce Martin,UNPAID,
86382,Bank 943,EACC48B1519C4F2E,127.0,Tanya,Adam Sanders,UNPAID,
60411,Bank 879,3114CEFC5448457D,101.0,Tanya,Collin Scott,UNPAID,
65943,Bank 381,A26D4CC615124E61,110.0,Tanya,Steven Brown,UNPAID,
41880,Bank 118,23B4EB7EEBF6466C,80.0,Tanya,Kathy Johnson,UNPAID,
65956,Bank 953,2531A5BA266A4540,160.0,Tanya,Hannah Davis,UNPAID,
83129,Bank 458,8E352C681577441A,62.0,Tanya,Tonya Black,UNPAID,
36301,Bank 178,378387A50AE2493D,89.0,Tanya,Claudia Richards,UNPAID,
63805,Bank 115,D11A5216608C4D10,106.0,Tanya,Kara Morales,UNPAID,
95751,Bank 523,71278F8229C141E3,47.0,Tanya,Angie Anderson,UNPAID,
52456,Bank 886,8259F54013A24BA4,83.0,Tanya,Tiffany Vasquez,UNPAID,
10154,Bank 836,EAFF896CE2C6474D,33.0,Tanya,Lisa Turner,UNPAID,
47979,Bank 374,81B98D6CD046492F,134.0,Tanya,Kristen Butler,UNPAID,
30738,Bank 244,34551B5504904630,74.0,Tanya,Kathryn Smith,UNPAID,
98838,Bank 817,F149F6490F934D4C,85.0,Tanya,Amanda Smith,UNPAID,
14967,Bank 946,F00B682BE2D440B2,35.0,Tanya,Brian Sandoval,UNPAID,
70891,Bank 196,40D42FD5C9724295,115.0,Tanya,Cheryl Galvan,UNPAID,
94876,Bank 292,B6918D127A4A47D9,187.0,Tanya,Juan Barr,UNPAID,
65553,Bank 205,C0B3C713DB6241B6,127.0,Tanya,Robert Jones,UNPAID,
42325,Bank 694,1CE39096202240F9,41.0,Tanya,Margaret Jensen,UNPAID,
91902,Bank 263,AD1C00B5F6CC4E92,163.0,Tanya,Jose Baker,UNPAID,
36809,Bank 399,AC01C462A3B447A7,84.0,Tanya,Wendy Turner,UNPAID,
21902,Bank 234,47B64ED0FA6E427B,154.0,Tanya,David Atkins,UNPAID,
52808,Bank 634,78CA5949E23E4365,50.0,Tanya,Justin Caldwell,UNPAID,
64220,Bank 827,74EBD900CA9A4811,155.0,Tanya,Samantha Reyes,UNPAID,
66221,Bank 482,341722752B0D4F5F,117.0,Tanya,Julie Hatfield,UNPAID,
88763,Bank 862,CBB748A3EDAD4E21,46.0,Tanya,Tiffany Smith,UNPAID,
32838,Bank 609,AC920CA3AEDE498D,151.0,Tanya,Tyler Rogers,UNPAID,
94965,Bank 642,69538149AABE4481,24.0,Tanya,Gina Gilbert,UNPAID,
59706,Bank 292,11489F5488234291,45.0,Tanya,Emma Kelley,UNPAID,
41566,Bank 902,56D578A921294C66,106.0,Tanya,Sandra Short,UNPAID,
71822,Bank 743,B02CD41100D7431F,42.0,Tanya,Tammy Haynes,UNPAID,
56046,Bank 425,AC056F8F6CF4460F,187.0,Tanya,Courtney Davidson,UNPAID,
43226,Bank 686,575A930F8A4E414E,125.0,Tanya,Alyssa Swanson,UNPAID,
93085,Bank 356,E4491053765647F3,32.0,Tanya,Evelyn Nguyen,UNPAID,
83012,Bank 593,9D91EB03560A4513,151.0,Tanya,Joshua Carpenter,UNPAID,
72982,Bank 815,FD95C3BA39A54F4D,172.0,Tanya,Daniel Sanders,UNPAID,
60790,Bank 332,F4E219F159F64BB7,79.0,Tanya,Catherine Garcia,UNPAID,
70509,Bank 492,0821145D1E724347,135.0,Tanya,Kevin Gray,UNPAID,
98389,Bank 963,B71B1217FD3A42B3,179.0,Tanya,Gregory King,UNPAID,
11938,Bank 899,49A1C733AB5A495B,22.0,Tanya,Patrick Smith,UNPAID,
67287,Bank 707,AE7A1D8B66234CD2,20.0,Tanya,Robert Becker,UNPAID,
42392,Bank 590,418BBE70721C46FD,147.0,Tanya,Ruth West,UNPAID,
